First,Last,Image
Pedro, Pascal,"https://m.media-amazon.com/images/M/MV5BMGNlYTVlYTMtMjRhMC00YjY5LTkwMzMtZDE4MWQzMzgwYmUzXkEyXkFqcGdeQXVyMjI0OTExNzk@._V1_UY209_CR15,0,140,209_AL_.jpg"
Bella, Ramsey,"https://m.media-amazon.com/images/M/MV5BMWJkZWEyMWYtYWI1MS00ZTY0LTg2MTAtYjUzMWIwZDhjNmViXkEyXkFqcGdeQXVyNzI5MjUxNjE@._V1_UY209_CR13,0,140,209_AL_.jpg"
Matilda, De Angelis,"https://m.media-amazon.com/images/M/MV5BMzIzYTQ0ZDUtNjg1NC00MDg2LWExZDEtYWE0ZDcwMWU0MzFjXkEyXkFqcGdeQXVyMTkxNjUyNQ@@._V1_UY209_CR87,0,140,209_AL_.jpg"
Rutina, Wesley,"https://m.media-amazon.com/images/M/MV5BMTgyMTc2MjE1NV5BMl5BanBnXkFtZTcwNjkyMDI5Mg@@._V1_UY209_CR1,0,140,209_AL_.jpg"
Kathryn, Newton,"https://m.media-amazon.com/images/M/MV5BMDM5YjI2NDItYWY1My00ZmUyLTgyZjMtOGQzMmEyNjk0ODU5XkEyXkFqcGdeQXVyMjQwMDg0Ng@@._V1_UX140_CR0,0,140,209_AL_.jpg"
Jonathan, Majors,"https://m.media-amazon.com/images/M/MV5BYTQ0ZDkzZmYtYzAzZC00YTUwLWJhZmEtZGRjZTQyYWUwYWI0XkEyXkFqcGdeQXVyMjU2Nzg3NzM@._V1_UY209_CR3,0,140,209_AL_.jpg"
Richard, Belzer,"https://m.media-amazon.com/images/M/MV5BMTkxMzQ3OTkxMF5BMl5BanBnXkFtZTcwMjgyMzQ5MQ@@._V1_UY209_CR3,0,140,209_AL_.jpg"
Annie, Wersching,"https://m.media-amazon.com/images/M/MV5BNmQ5NGQwZWMtYzlmMy00YTE0LThlZjEtNTM5MTkzNjI0MzNkXkEyXkFqcGdeQXVyMzM3NDM0MA@@._V1_UX140_CR0,0,140,209_AL_.jpg"
Evangeline, Lilly,"https://m.media-amazon.com/images/M/MV5BMTc2MDMzODU0OV5BMl5BanBnXkFtZTgwODIwOTAxMzI@._V1_UY209_CR21,0,140,209_AL_.jpg"
Katy ,M. O'Brian,"https://m.media-amazon.com/images/M/MV5BYWU4ZjQ5MzMtODU0ZC00MTBmLWI5ZWYtMWZhN2FiYTg2NmNjXkEyXkFqcGdeQXVyNTYyMDU5MzI@._V1_UX140_CR0,0,140,209_AL_.jpg"
Madelyn, Cline,"https://m.media-amazon.com/images/M/MV5BMTkyYWJiYTktZDlkMC00ZmZjLWI4MjQtYmQwNzg1OGQ3NDJhXkEyXkFqcGdeQXVyMjA0MjY3MzI@._V1_UX140_CR0,0,140,209_AL_.jpg"
Anna, Torv,"https://m.media-amazon.com/images/M/MV5BMzQ0NDg0MjQ3NV5BMl5BanBnXkFtZTgwOTI5OTAwODE@._V1_UY209_CR8,0,140,209_AL_.jpg"
Brendan, Fraser,"https://m.media-amazon.com/images/M/MV5BMjA5MjExMzY0M15BMl5BanBnXkFtZTgwNTMxOTg4MTI@._V1_UY209_CR8,0,140,209_AL_.jpg"
Natasha, Lyonne,"https://m.media-amazon.com/images/M/MV5BMTEyMzc2MTE2MzheQTJeQWpwZ15BbWU4MDUwNTY0ODYx._V1_UX140_CR0,0,140,209_AL_.jpg"
Melanie, Lynskey,"https://m.media-amazon.com/images/M/MV5BMjIzNDg5NTg4Nl5BMl5BanBnXkFtZTcwMTU3NjgyMw@@._V1_UY209_CR4,0,140,209_AL_.jpg"
Cara, Delevingne,"https://m.media-amazon.com/images/M/MV5BM2U4NmUwODQtN2IwNC00MzE0LThmYmQtNTFlYTg0OTdjYzcxXkEyXkFqcGdeQXVyMTE1MTYxNDAw._V1_UY209_CR11,0,140,209_AL_.jpg"
Alexandra, Daddario,"https://m.media-amazon.com/images/M/MV5BMTY3Nzg2NjA1OF5BMl5BanBnXkFtZTgwMjY5NTU1MzI@._V1_UY209_CR7,0,140,209_AL_.jpg"
Jansen, Panettiere,"https://m.media-amazon.com/images/M/MV5BMjEwMDU3MjY0M15BMl5BanBnXkFtZTcwMjUzMzIzMw@@._V1_UX140_CR0,0,140,209_AL_.jpg"
Elizabeth, Banks,"https://m.media-amazon.com/images/M/MV5BY2UxNzE4YWMtNDRiMi00MzY1LTkwZjgtNzA0MjA2NTNjZjRmXkEyXkFqcGdeQXVyMTEyMjM2NDc2._V1_UX140_CR0,0,140,209_AL_.jpg"
Stella, Stevens,"https://m.media-amazon.com/images/M/MV5BMTI3NDEwMzQzN15BMl5BanBnXkFtZTYwMDI3NTY0._V1_UX140_CR0,0,140,209_AL_.jpg"
Mia, Goth,"https://m.media-amazon.com/images/M/MV5BMTcwNDkyNjI1M15BMl5BanBnXkFtZTgwMDY2OTk0NzM@._V1_UY209_CR9,0,140,209_AL_.jpg"
Nico, Parker,"https://m.media-amazon.com/images/M/MV5BMTgzNTM1MDAxMV5BMl5BanBnXkFtZTgwMDM4NzcxNzM@._V1_UY209_CR0,0,140,209_AL_.jpg"
Jeri, Ryan,"https://m.media-amazon.com/images/M/MV5BYTM4NTJlZjEtNjdiNS00Y2Y5LTlhYzMtNzVkMjU1MjZmNDE5XkEyXkFqcGdeQXVyMjEwODk5MDY@._V1_UY209_CR8,0,140,209_AL_.jpg"
Raquel, Welch,"https://m.media-amazon.com/images/M/MV5BZDJhMzAwY2EtYmI5ZC00NjUxLThjOTItODkzODYwNzUzOGYxXkEyXkFqcGdeQXVyMTEyMjM2NDc2._V1_UY209_CR13,0,140,209_AL_.jpg"
Alison, Brie,"https://m.media-amazon.com/images/M/MV5BMjJkNDg5ZDctM2RlZS00NjFmLTkxZjktMWE5NGQzMDg4NDFhXkEyXkFqcGdeQXVyMTMwMDM1OTQ@._V1_UY209_CR6,0,140,209_AL_.jpg"
Tom, Sizemore,"https://m.media-amazon.com/images/M/MV5BNjA3NjA0MzIwOV5BMl5BanBnXkFtZTYwNzk5NDE1._V1_UY209_CR1,0,140,209_AL_.jpg"
Brandon, Sklenar,"https://m.media-amazon.com/images/M/MV5BZTliY2MwNjUtNTJjOS00YTcwLWE4MWYtNDM5Mjk2OTg5NmU3XkEyXkFqcGdeQXVyMjQwMDg0Ng@@._V1_UX140_CR0,0,140,209_AL_.jpg"
Charlotte, Ritchie,"https://m.media-amazon.com/images/M/MV5BMjk5Zjk3ZjktMDBkNi00OWZmLTg5Y2YtZjE4YzVjZmI5NTNjXkEyXkFqcGdeQXVyMTExNDQ2MTI@._V1_UY209_CR12,0,140,209_AL_.jpg"
Jennifer Love, Hewitt,"https://m.media-amazon.com/images/M/MV5BNjIyNzI0MTAyOV5BMl5BanBnXkFtZTcwMDM3MTUwNw@@._V1_UY209_CR87,0,140,209_AL_.jpg"
Ashley, Johnson,"https://m.media-amazon.com/images/M/MV5BOTk5Njc3NzgxOV5BMl5BanBnXkFtZTgwMzgyMjIzNzE@._V1_UY209_CR86,0,140,209_AL_.jpg"
Austin, Butler,"https://m.media-amazon.com/images/M/MV5BYzE2YjhhYWQtNGZmYi00OWIzLTgwMTAtNWI3NWY0ZTUwOTNiXkEyXkFqcGdeQXVyNjY4MDI3NQ@@._V1_UY209_CR21,0,140,209_AL_.jpg"
Cole, Hauser,"https://m.media-amazon.com/images/M/MV5BZWRiOTdjN2UtY2M1Yy00YzBjLWJmMzQtYTAyZGY4ZGFmZDRkXkEyXkFqcGdeQXVyNDI3NzU1NDE@._V1_UX140_CR0,0,140,209_AL_.jpg"
Tom, Cruise,"https://m.media-amazon.com/images/M/MV5BYTFlOTdjMjgtNmY0ZC00MDgxLThjNmEtZGIxZTQyZDdkMTRjXkEyXkFqcGdeQXVyMTkxNjUyNQ@@._V1_UY209_CR7,0,140,209_AL_.jpg"
Isabel, May,"https://m.media-amazon.com/images/M/MV5BODM3MDE2YjYtZTA4Ny00OTRjLWJiOWYtYWVjNTQxZDAwYWUyXkEyXkFqcGdeQXVyNjUzMzg3MTE@._V1_UY209_CR21,0,140,209_AL_.jpg"
Christa, Miller,"https://m.media-amazon.com/images/M/MV5BMTQ4NDI4Nzc5N15BMl5BanBnXkFtZTYwNDIyNTcz._V1_UX140_CR0,0,140,209_AL_.jpg"
Alexander, Skarsgard,"https://m.media-amazon.com/images/M/MV5BMTY1MjQxNjEzOF5BMl5BanBnXkFtZTgwMTU5ODM2ODE@._V1_UX140_CR0,0,140,209_AL_.jpg"
Paulina, Gaitan,"https://m.media-amazon.com/images/M/MV5BM2E1MjFmMzEtNzllOC00YjgyLWI3ZWEtMDQzN2E1MjJjZmQzXkEyXkFqcGdeQXVyMjQwMDg0Ng@@._V1_UY209_CR11,0,140,209_AL_.jpg"
Margot, Robbie,"https://m.media-amazon.com/images/M/MV5BMTgxNDcwMzU2Nl5BMl5BanBnXkFtZTcwNDc4NzkzOQ@@._V1_UY209_CR8,0,140,209_AL_.jpg"
Anya, Taylor-Joy,"https://m.media-amazon.com/images/M/MV5BMTllYmE5YTYtZGZmYy00ZTBlLWJlODEtYWQ0ZmU1YTJkMjJlXkEyXkFqcGdeQXVyNzI1NzMxNzM@._V1_UX140_CR0,0,140,209_AL_.jpg"
Paul, Rudd,"https://m.media-amazon.com/images/M/MV5BMTY4NTEwNDg1MV5BMl5BanBnXkFtZTgwODMwMDA0ODE@._V1_UY209_CR13,0,140,209_AL_.jpg"
Michelle, Pfeiffer,"https://m.media-amazon.com/images/M/MV5BMTUzNjI0Njc5NF5BMl5BanBnXkFtZTYwOTM2MjYz._V1_UX140_CR0,0,140,209_AL_.jpg"
Julia, Schlaepfer,"https://m.media-amazon.com/images/M/MV5BYWQ5YWU1MTYtYjIyYi00NTJiLWJkMDktNjY4YzRlZjc1ODYwXkEyXkFqcGdeQXVyNjA0NjcxMDE@._V1_UY209_CR5,0,140,209_AL_.jpg"
Catherine, Haena Kim,"https://m.media-amazon.com/images/M/MV5BOWQzNTM0MzMtZjJlMC00NjY4LTkxYzktOGMzNTVkYjY2M2U3XkEyXkFqcGdeQXVyMTU2OTAxOTc@._V1_UY209_CR5,0,140,209_AL_.jpg"
Emily, Blunt,"https://m.media-amazon.com/images/M/MV5BMTUxNDY4MTMzM15BMl5BanBnXkFtZTcwMjg5NzM2Ng@@._V1_UX140_CR0,0,140,209_AL_.jpg"
Gabriel, Luna,"https://m.media-amazon.com/images/M/MV5BOWRiYTc4ZmYtYjgyYi00MzczLTg2MGEtMzIwZTkyZDM4NmE1XkEyXkFqcGdeQXVyODk4OTc3MTY@._V1_UY209_CR86,0,140,209_AL_.jpg"
Bridget, Regan,"https://m.media-amazon.com/images/M/MV5BMGE2NWNkNTMtYWEyYy00Y2MyLTk4MTAtNTFmNWIyMjUzNDI0XkEyXkFqcGdeQXVyMTU3NDgwMzg@._V1_UY209_CR35,0,140,209_AL_.jpg"
Joey, King,"https://m.media-amazon.com/images/M/MV5BODJmZjUyZDUtYWU1MC00YmNjLWEzODgtOTFlMDRjZDQ0ZjRlXkEyXkFqcGdeQXVyMjMzMjAyOA@@._V1_UY209_CR34,0,140,209_AL_.jpg"
Bruce, Willis,"https://m.media-amazon.com/images/M/MV5BMjA0MjMzMTE5OF5BMl5BanBnXkFtZTcwMzQ2ODE3Mw@@._V1_UY209_CR19,0,140,209_AL_.jpg"
Kelly, Reilly,"https://m.media-amazon.com/images/M/MV5BNjgzMzk2MjEzM15BMl5BanBnXkFtZTgwMTkzMDEwMTE@._V1_UX140_CR0,0,140,209_AL_.jpg"
Milo, Ventimiglia,"https://m.media-amazon.com/images/M/MV5BZWFlMjU0OWYtNDI3Mi00MmVmLWFkNjUtNWVkYWJhYjNlMDdiXkEyXkFqcGdeQXVyOTE0NjgwMjY@._V1_UX140_CR0,0,140,209_AL_.jpg"
Dichen, Lachman,"https://m.media-amazon.com/images/M/MV5BYmYxMjNkMjMtYmE0MC00NTZhLWFlYzgtOWNjZmRkMzMyNmU4XkEyXkFqcGdeQXVyMzExMTQxMQ@@._V1_UX140_CR0,0,140,209_AL_.jpg"
Brad, Pitt,"https://m.media-amazon.com/images/M/MV5BMjA1MjE2MTQ2MV5BMl5BanBnXkFtZTcwMjE5MDY0Nw@@._V1_UX140_CR0,0,140,209_AL_.jpg"
Graham, Greene,"https://m.media-amazon.com/images/M/MV5BMTcwMTM3OTQyM15BMl5BanBnXkFtZTcwNzYxNTcyMQ@@._V1_UY209_CR10,0,140,209_AL_.jpg"
Ashley, Greene,"https://m.media-amazon.com/images/M/MV5BYWMzN2Q3OTYtNjZmMi00ODRjLTg3NjgtOTk2M2M4NDQ5NzgzXkEyXkFqcGdeQXVyMTEzNjc3MDQ5._V1_UY209_CR8,0,140,209_AL_.jpg"
Murray, Bartlett,"https://m.media-amazon.com/images/M/MV5BMjA0NjY3NjI4MV5BMl5BanBnXkFtZTgwNTM4OTg5NDE@._V1_UX140_CR0,0,140,209_AL_.jpg"
Billy, Crudup,"https://m.media-amazon.com/images/M/MV5BMTQ5MzM5NzUzMF5BMl5BanBnXkFtZTcwNjEyMDY5Mg@@._V1_UY209_CR8,0,140,209_AL_.jpg"
Leonardo, DiCaprio,"https://m.media-amazon.com/images/M/MV5BMjI0MTg3MzI0M15BMl5BanBnXkFtZTcwMzQyODU2Mw@@._V1_UY209_CR7,0,140,209_AL_.jpg"
Ashton, Kutcher,"https://m.media-amazon.com/images/M/MV5BMzIzMTE4NzcyMl5BMl5BanBnXkFtZTgwODA2NTQyNTM@._V1_UY209_CR87,0,140,209_AL_.jpg"
Samara, Weaving,"https://m.media-amazon.com/images/M/MV5BMTU1Njc2NTc3OV5BMl5BanBnXkFtZTgwMzUyNjU5NDM@._V1_UY209_CR87,0,140,209_AL_.jpg"
Steven, Spielberg,"https://m.media-amazon.com/images/M/MV5BMTY1NjAzNzE1MV5BMl5BanBnXkFtZTYwNTk0ODc0._V1_UX140_CR0,0,140,209_AL_.jpg"
Amanda, Plummer,"https://m.media-amazon.com/images/M/MV5BMjAzNDczNzUzMV5BMl5BanBnXkFtZTcwOTQwNTQ1NA@@._V1_UY209_CR87,0,140,209_AL_.jpg"
Cate, Blanchett,"https://m.media-amazon.com/images/M/MV5BMTc1MDI0MDg1NV5BMl5BanBnXkFtZTgwMDM3OTAzMTE@._V1_UY209_CR2,0,140,209_AL_.jpg"
Aubrey, Plaza,"https://m.media-amazon.com/images/M/MV5BMjIyMzYyMjQ5OV5BMl5BanBnXkFtZTcwMTA0MTkxNw@@._V1_UY209_CR3,0,140,209_AL_.jpg"
Harrison, Ford,"https://m.media-amazon.com/images/M/MV5BMTY4Mjg0NjIxOV5BMl5BanBnXkFtZTcwMTM2NTI3MQ@@._V1_UY209_CR0,0,140,209_AL_.jpg"
Nicolas, Cage,"https://m.media-amazon.com/images/M/MV5BMjUxMjE4MTQxMF5BMl5BanBnXkFtZTcwNzc2MDM1NA@@._V1_UY209_CR6,0,140,209_AL_.jpg"
Ana, de Armas,"https://m.media-amazon.com/images/M/MV5BMWM3MDMzNjMtODM5Ny00YmY0LWJhNzQtNTE1ZDNlNjllNDQ0XkEyXkFqcGdeQXVyODkzNTgxMDg@._V1_UY209_CR86,0,140,209_AL_.jpg"
Reese, Witherspoon,"https://m.media-amazon.com/images/M/MV5BYTdlMzNkODUtZTA2My00NzJhLTkwMjAtMzk4MWQ0MDQzMGNiXkEyXkFqcGdeQXVyNDY1Njg3OA@@._V1_UY209_CR34,0,140,209_AL_.jpg"
Lizzy, Caplan,"https://m.media-amazon.com/images/M/MV5BMjA1MDgxNDU0Nl5BMl5BanBnXkFtZTgwNjk4NTgwMTE@._V1_UY209_CR13,0,140,209_AL_.jpg"
Lashana, Lynch,"https://m.media-amazon.com/images/M/MV5BMjI0ZGE0ZTYtYmY1MS00MGU0LWEwMDQtMzYxMDFmMmFjZjUyXkEyXkFqcGdeQXVyMzczOTY5ODk@._V1_UY209_CR29,0,140,209_AL_.jpg"
Victoria, Pedretti,"https://m.media-amazon.com/images/M/MV5BNzlmY2VkODEtNzgzYS00MGE5LWJmZTMtOWZlMTg2ZmQ5ODMwXkEyXkFqcGdeQXVyMTkxNjUyNQ@@._V1_UY209_CR87,0,140,209_AL_.jpg"
Thuso, Mbedu,"https://m.media-amazon.com/images/M/MV5BMjVmZGQ4Y2YtYzQ2Yi00N2RhLWI2OTktZDEzZjU1ODVlMTRkXkEyXkFqcGdeQXVyMjI3MjY2ODQ@._V1_UX140_CR0,0,140,209_AL_.jpg"
Lukas, Gage,"https://m.media-amazon.com/images/M/MV5BNDg2OGIxOGEtMzQ5NS00MjUxLTlhMGYtNDUxZjMxZDU2ZTM5XkEyXkFqcGdeQXVyMTExNzQ3MzAw._V1_UX140_CR0,0,140,209_AL_.jpg"
M., Night Shyamalan,"https://m.media-amazon.com/images/M/MV5BMTczMTA5OTMxMl5BMl5BanBnXkFtZTcwMDA4NDg1Mw@@._V1_UY209_CR87,0,140,209_AL_.jpg"
Penn, Badgley,"https://m.media-amazon.com/images/M/MV5BNGJmOTlmNWEtNDFmMy00MTQ2LThlZTItNzZlZGQzMzlhYjk4XkEyXkFqcGdeQXVyMTU3NjIxODkz._V1_UY209_CR13,0,140,209_AL_.jpg"
Sadie, Sink,"https://m.media-amazon.com/images/M/MV5BYTUwZDRmNWUtMDUxMS00NTY1LWJjYTAtNjgyNTllNzZjMDFlXkEyXkFqcGdeQXVyMTkxNjUyNQ@@._V1_UX140_CR0,0,140,209_AL_.jpg"
Jennifer, Connelly,"https://m.media-amazon.com/images/M/MV5BNWM0OTlhYmQtZWI0NS00NzM0LWE5YjItMWZmYzkzY2FmNTc2XkEyXkFqcGdeQXVyMTEyMjM2NDc2._V1_UX140_CR0,0,140,209_AL_.jpg"
Michelle, Yeoh,"https://m.media-amazon.com/images/M/MV5BMTg0NTI0NDkzOF5BMl5BanBnXkFtZTcwMjYwMTIwNw@@._V1_UX140_CR0,0,140,209_AL_.jpg"
Colin, Farrell,"https://m.media-amazon.com/images/M/MV5BMTg4NzM5NDk0MV5BMl5BanBnXkFtZTcwNzAzMTUxNw@@._V1_UY209_CR3,0,140,209_AL_.jpg"
Tom, Hanks,"https://m.media-amazon.com/images/M/MV5BMTQ2MjMwNDA3Nl5BMl5BanBnXkFtZTcwMTA2NDY3NQ@@._V1_UY209_CR2,0,140,209_AL_.jpg"
Henry, Cavill,"https://m.media-amazon.com/images/M/MV5BODI0MTYzNTIxNl5BMl5BanBnXkFtZTcwNjg2Nzc0NA@@._V1_UY209_CR18,0,140,209_AL_.jpg"
Miles, Teller,"https://m.media-amazon.com/images/M/MV5BM2ZiYThiZTUtYmM0ZS00ZWQzLTgzMTEtZWY1ZDkwNWM4ZGNmXkEyXkFqcGdeQXVyMTE1MTYxNDAw._V1_UY209_CR0,0,140,209_AL_.jpg"
Ray, Liotta,"https://m.media-amazon.com/images/M/MV5BMTU3NzM5MjUwMF5BMl5BanBnXkFtZTYwNDM2NDky._V1_UY209_CR0,0,140,209_AL_.jpg"
Keanu, Reeves,"https://m.media-amazon.com/images/M/MV5BNGJmMWEzOGQtMWZkNS00MGNiLTk5NGEtYzg1YzAyZTgzZTZmXkEyXkFqcGdeQXVyMTE1MTYxNDAw._V1_UX140_CR0,0,140,209_AL_.jpg"
Zoe, Chao,"https://m.media-amazon.com/images/M/MV5BNjQ1YzE4YzctOTU1Ni00MGY2LThiMDktOGJjN2E1YjFhNDg2XkEyXkFqcGdeQXVyMjQwMDg0Ng@@._V1_UY209_CR87,0,140,209_AL_.jpg"
Sylvester, Stallone,"https://m.media-amazon.com/images/M/MV5BMTQwMTk3NDU2OV5BMl5BanBnXkFtZTcwNTA3MTI0Mw@@._V1_UY209_CR5,0,140,209_AL_.jpg"
Lily, James,"https://m.media-amazon.com/images/M/MV5BMTgxMjM2NTAyMV5BMl5BanBnXkFtZTgwOTU4NjU2NDE@._V1_UX140_CR0,0,140,209_AL_.jpg"
Jennifer, Coolidge,"https://m.media-amazon.com/images/M/MV5BMTI3NjYyMzgxNl5BMl5BanBnXkFtZTcwMjgyMzM0Mg@@._V1_UX140_CR0,0,140,209_AL_.jpg"
Chase, Stokes,"https://m.media-amazon.com/images/M/MV5BZTMyMGY4ZGItNDFjMi00OTc4LTg4MDUtM2MyZDZmMjJjZDYxXkEyXkFqcGdeQXVyNTI4NDQxMTk@._V1_UY209_CR8,0,140,209_AL_.jpg"
Hong, Chau,"https://m.media-amazon.com/images/M/MV5BNjllNmMzNWYtM2JjMS00ODg4LTk2OWEtYWE3OTc1NzMzMGM2XkEyXkFqcGdeQXVyNTc0NTQ3MQ@@._V1_UX140_CR0,0,140,209_AL_.jpg"
Elizabeth, Lail,"https://m.media-amazon.com/images/M/MV5BOGJhNTM0YzQtN2FiMS00YzIzLWI4YzItZDI0NzdhMDZmZjExXkEyXkFqcGdeQXVyMjQwMDg0Ng@@._V1_UY209_CR13,0,140,209_AL_.jpg"
Sebastian, Stan,"https://m.media-amazon.com/images/M/MV5BNTk2OGU4NzktODhhOC00Nzc2LWIyNzYtOWViMjljZGFiNTMxXkEyXkFqcGdeQXVyMTE1NTQwOTk@._V1_UY209_CR10,0,140,209_AL_.jpg"
Jennifer, Lawrence,"https://m.media-amazon.com/images/M/MV5BOTU3NDE5MDQ4MV5BMl5BanBnXkFtZTgwMzE5ODQ3MDI@._V1_UX140_CR0,0,140,209_AL_.jpg"
Sophie, Turner,"https://m.media-amazon.com/images/M/MV5BMjM5Mjg4MDQ3MF5BMl5BanBnXkFtZTgwMDA2MjkxMjI@._V1_UX140_CR0,0,140,209_AL_.jpg"
Riley, Keough,"https://m.media-amazon.com/images/M/MV5BMTY2Nzc1ODkzMF5BMl5BanBnXkFtZTgwMDUwNjE5MDI@._V1_UX140_CR0,0,140,209_AL_.jpg"
Jeffrey, Pierce,"https://m.media-amazon.com/images/M/MV5BYzhkMDJiOGItYTI3OS00YWE3LTg1MGYtYjI5OGM4ODFlOWVlXkEyXkFqcGdeQXVyNDg4NjUyOQ@@._V1_UY209_CR13,0,140,209_AL_.jpg"
Emma, Watson,"https://m.media-amazon.com/images/M/MV5BMTQ3ODE2NTMxMV5BMl5BanBnXkFtZTgwOTIzOTQzMjE@._V1_UY209_CR14,0,140,209_AL_.jpg"
Victoria, Justice,"https://m.media-amazon.com/images/M/MV5BMTU2NDI2YjktYjYxMy00OGIwLWEzMjktNzEzNzA4YzVmZGRjXkEyXkFqcGdeQXVyNDU4MDk4OA@@._V1_UY209_CR34,0,140,209_AL_.jpg"
Christian, Bale,"https://m.media-amazon.com/images/M/MV5BMTkxMzk4MjQ4MF5BMl5BanBnXkFtZTcwMzExODQxOA@@._V1_UX140_CR0,0,140,209_AL_.jpg"
Sofia, Boutella,"https://m.media-amazon.com/images/M/MV5BMzU4ODM4MTQzMl5BMl5BanBnXkFtZTgwNTk5NzkxNTM@._V1_UY209_CR3,0,140,209_AL_.jpg"
Dakota, Fanning,"https://m.media-amazon.com/images/M/MV5BMjAwNjM3NjY5MF5BMl5BanBnXkFtZTcwMjM4NTYwOQ@@._V1_UY209_CR0,0,140,209_AL_.jpg"
Haley, Lu Richardson,"https://m.media-amazon.com/images/M/MV5BNDNhMTgwNzAtYzNiZC00MTRiLTg1M2ItYjA1OTNmZjRiYWU3XkEyXkFqcGdeQXVyMjQwMDg0Ng@@._V1_UY209_CR3,0,140,209_AL_.jpg"
Stefanie, Martini,"https://m.media-amazon.com/images/M/MV5BZjg4ZDI3NDAtMDQ3NC00YThmLTljYjEtYWQ3YmY4YzIwMDg2XkEyXkFqcGdeQXVyNTY0MjAxMzk@._V1_UY209_CR8,0,140,209_AL_.jpg"
Emma, Mackey,"https://m.media-amazon.com/images/M/MV5BNWY5OGM2MWMtZDZjNi00NjFkLWE3YTUtYWVmYWJhYjQ3NjgzXkEyXkFqcGdeQXVyODUyNzc3NTY@._V1_UY209_CR0,0,140,209_AL_.jpg"
Melanie, Laurent,"https://m.media-amazon.com/images/M/MV5BMTU0NzQzNDc5M15BMl5BanBnXkFtZTcwNzMyOTYzNQ@@._V1_UX140_CR0,0,140,209_AL_.jpg"
Christoph, Waltz,"https://m.media-amazon.com/images/M/MV5BMTM4MDk3OTYxOF5BMl5BanBnXkFtZTcwMDk5OTUwOQ@@._V1_UY209_CR6,0,140,209_AL_.jpg"
Sosie, Bacon,"https://m.media-amazon.com/images/M/MV5BNTZjZTU2N2QtMzc0Zi00NzFkLWIwYjUtZjE5MTJmZWY5MDI3XkEyXkFqcGdeQXVyMTAwODcwMjE3._V1_UY209_CR52,0,140,209_AL_.jpg"
Scout, Taylor-Compton,"https://m.media-amazon.com/images/M/MV5BYTczODkxNzAtZWJmOC00NjgwLTgxNzgtN2IxMTU4NDAyZWNkXkEyXkFqcGdeQXVyODYwMDYzNDY@._V1_UY209_CR24,0,140,209_AL_.jpg"
Michael, B. Jordan,"https://m.media-amazon.com/images/M/MV5BMjExOTY3NzExM15BMl5BanBnXkFtZTgwOTg1OTAzMTE@._V1_UX140_CR0,0,140,209_AL_.jpg"
Todd, Stashwick,"https://m.media-amazon.com/images/M/MV5BOWU3OTA1MmMtMzljMi00OTE3LTg1OGEtODRhOGQ1Mjc2NGExXkEyXkFqcGdeQXVyMDM3OTQzNw@@._V1_UY209_CR2,0,140,209_AL_.jpg"
Hayden, Panettiere,"https://m.media-amazon.com/images/M/MV5BOTY2OTI1NzA0NV5BMl5BanBnXkFtZTcwOTczMTA2Mw@@._V1_UY209_CR9,0,140,209_AL_.jpg"
Cherry, Jones,"https://m.media-amazon.com/images/M/MV5BMTUyMzY0NjQ4N15BMl5BanBnXkFtZTcwNjczMTIxMw@@._V1_UY209_CR1,0,140,209_AL_.jpg"
Gerard, Butler,"https://m.media-amazon.com/images/M/MV5BMjE4NDMwMzc4Ml5BMl5BanBnXkFtZTcwMDg4Nzg4Mg@@._V1_UY209_CR4,0,140,209_AL_.jpg"
Jesse, Williams,"https://m.media-amazon.com/images/M/MV5BZTk5NmVmNjUtYTFjMi00NGYzLWFiYjYtMzE0ZDE2YTNjM2I4XkEyXkFqcGdeQXVyODgwMzQ5Ng@@._V1_UX140_CR0,0,140,209_AL_.jpg"
Jessica, Williams,"https://m.media-amazon.com/images/M/MV5BODdlYmYyZTktOGVhZS00ZWNiLWI3MDYtYWMyYWU0MjBhYzA1XkEyXkFqcGdeQXVyNTI5NzMwNQ@@._V1_UY209_CR13,0,140,209_AL_.jpg"
Ellen, Barkin,"https://m.media-amazon.com/images/M/MV5BMTI2OTk3MTgxNl5BMl5BanBnXkFtZTcwMTMxNDkxMw@@._V1_UY209_CR4,0,140,209_AL_.jpg"
Daniel, Radcliffe,"https://m.media-amazon.com/images/M/MV5BZmE0NzNiNzQtYTVlYS00MjljLWE4MTgtYzYxNjU2NjZkM2M4XkEyXkFqcGdeQXVyNjY5NDgzNjQ@._V1_UX140_CR0,0,140,209_AL_.jpg"
Harry, Melling,"https://m.media-amazon.com/images/M/MV5BZjQ3OGE3MGUtZmViOC00N2M2LTlmNmMtMmZiZDUwYTcyMzUxXkEyXkFqcGdeQXVyMjQwMDg0Ng@@._V1_UX140_CR0,0,140,209_AL_.jpg"
Dwayne, Johnson,"https://m.media-amazon.com/images/M/MV5BMTkyNDQ3NzAxM15BMl5BanBnXkFtZTgwODIwMTQ0NTE@._V1_UX140_CR0,0,140,209_AL_.jpg"
Hannah, John-Kamen,"https://m.media-amazon.com/images/M/MV5BZGMwMmNmNWItZWI4Mi00OWY5LThjZmUtMjg2NDcxZDljYjYyXkEyXkFqcGdeQXVyMDM2NDM2MQ@@._V1_UX140_CR0,0,140,209_AL_.jpg"
Andrea, Savage,"https://m.media-amazon.com/images/M/MV5BMjI2MTg4MTYxMV5BMl5BanBnXkFtZTgwNzk0MzEwMDI@._V1_UY209_CR5,0,140,209_AL_.jpg"
Denzel, Washington,"https://m.media-amazon.com/images/M/MV5BMjE5NDU2Mzc3MV5BMl5BanBnXkFtZTcwNjAwNTE5OQ@@._V1_UY209_CR8,0,140,209_AL_.jpg"
Ryan, Reynolds,"https://m.media-amazon.com/images/M/MV5BODFmN2VmZmEtYTRjZi00ZjY1LTgxYjQtODMyNDI3ZDk4ZTJiXkEyXkFqcGdeQXVyMTkxNjUyNQ@@._V1_UY209_CR1,0,140,209_AL_.jpg"
Adam, Driver,"https://m.media-amazon.com/images/M/MV5BYThiYmU0ODAtNjZkMC00OTBiLWE5NzgtMDY3YjMwYTg5NWJjXkEyXkFqcGdeQXVyMTUwOTY2MDYx._V1_UY209_CR10,0,140,209_AL_.jpg"
Christina, Ricci,"https://m.media-amazon.com/images/M/MV5BMjUzMzk5NzcyNV5BMl5BanBnXkFtZTcwNzQ1NjkzNw@@._V1_UX140_CR0,0,140,209_AL_.jpg"
Tommi, Rose,"https://m.media-amazon.com/images/M/MV5BODcxZTdmNDUtYjllMy00MzJjLWFmZjctMDk1NGM4NzUyNmIwXkEyXkFqcGdeQXVyNjkwNjAzMTY@._V1_UX140_CR0,0,140,209_AL_.jpg"
Karen, Gillan,"https://m.media-amazon.com/images/M/MV5BMTQwMDQ0NDk1OV5BMl5BanBnXkFtZTcwNDcxOTExNg@@._V1_UY209_CR2,0,140,209_AL_.jpg"
Brie, Larson,"https://m.media-amazon.com/images/M/MV5BNDE4ZWY1ZTUtYjNhMy00MTQyLWFmMjktNTkyYTFjOGRlNDk0XkEyXkFqcGdeQXVyMTE1MTYxNDAw._V1_UY209_CR13,0,140,209_AL_.jpg"
Sandra, Bullock,"https://m.media-amazon.com/images/M/MV5BMTI5NDY5NjU3NF5BMl5BanBnXkFtZTcwMzQ0MTMyMw@@._V1_UY209_CR1,0,140,209_AL_.jpg"
Emilia, Jones,"https://m.media-amazon.com/images/M/MV5BM2U2NTgzMzQtZDgxOS00NGFhLWFkY2EtMjY2MDA1YTU0YmFmXkEyXkFqcGdeQXVyMjYxOTcwOTM@._V1_UY209_CR19,0,140,209_AL_.jpg"
Helen, Mirren,"https://m.media-amazon.com/images/M/MV5BMjA4MzY2ODU2MV5BMl5BanBnXkFtZTcwOTQ3ODY4OQ@@._V1_UY209_CR12,0,140,209_AL_.jpg"
Julianne, Moore,"https://m.media-amazon.com/images/M/MV5BMTM5NDI1MjE2Ml5BMl5BanBnXkFtZTgwNDE0Nzk0MDE@._V1_UY209_CR5,0,140,209_AL_.jpg"
Timothee, Chalamet,"https://m.media-amazon.com/images/M/MV5BNThiOTM4NTAtMDczNy00YzlkLWJhNTEtZTZhNDVmYzlkZWI0XkEyXkFqcGdeQXVyMTEyMjM2NDc2._V1_UY209_CR68,0,140,209_AL_.jpg"
Kelly, Macdonald,"https://m.media-amazon.com/images/M/MV5BNDc5NTU2MzY0Nl5BMl5BanBnXkFtZTcwMzU4MjA0Ng@@._V1_UY209_CR6,0,140,209_AL_.jpg"
Tracy, Spiridakos,"https://m.media-amazon.com/images/M/MV5BMTc4MzcxODY3OF5BMl5BanBnXkFtZTcwOTM4NzIzOQ@@._V1_UX140_CR0,0,140,209_AL_.jpg"
Juno, Temple,"https://m.media-amazon.com/images/M/MV5BYmNhOGE0NDQtNmUxZi00YmZmLTllNjgtM2QwODYzYzM0ZmRhXkEyXkFqcGdeQXVyMTEyMjM2NDc2._V1_UY209_CR87,0,140,209_AL_.jpg"
Paul, Mescal,"https://m.media-amazon.com/images/M/MV5BYzdhZTAzNjAtYjY5NC00OTFlLWFlYTEtMTQ0NTZlMjJmZTc3XkEyXkFqcGdeQXVyMTkxNjUyNQ@@._V1_UX140_CR0,0,140,209_AL_.jpg"
Holliday, Grainger,"https://m.media-amazon.com/images/M/MV5BMTQxMDQ3OTY5M15BMl5BanBnXkFtZTcwODU3ODM4OA@@._V1_UY209_CR5,0,140,209_AL_.jpg"
Brianne, Howey,"https://m.media-amazon.com/images/M/MV5BNzg4NWFkMWYtNTU5NC00MWU3LWIyMzUtNTYxZGVjMDBkMTdhXkEyXkFqcGdeQXVyMjg5MTA0NDI@._V1_UX140_CR0,0,140,209_AL_.jpg"
Kevin, Costner,"https://m.media-amazon.com/images/M/MV5BMTY1ODkwMTQxOF5BMl5BanBnXkFtZTcwNzkwNDcyMw@@._V1_UX140_CR0,0,140,209_AL_.jpg"
Tamzin, Merchant,"https://m.media-amazon.com/images/M/MV5BNGYyMTI3MGYtOGY3Mi00Yzk1LTk1OWQtOTQ2NjBlZGRhNTc4XkEyXkFqcGdeQXVyODk2NDIyNDY@._V1_UX140_CR0,0,140,209_AL_.jpg"
Ben, Barnes,"https://m.media-amazon.com/images/M/MV5BNTAyNDY4NzgxMF5BMl5BanBnXkFtZTgwMTg2NTQxNDM@._V1_UY209_CR20,0,140,209_AL_.jpg"
Viola, Davis,"https://m.media-amazon.com/images/M/MV5BNzUxNjM4ODI1OV5BMl5BanBnXkFtZTgwNTEwNDE2OTE@._V1_UY209_CR15,0,140,209_AL_.jpg"
Lauren, Ash,"https://m.media-amazon.com/images/M/MV5BN2JmOGQ1MjEtOTdlMy00YWY2LThjZGItODlmNzkyZWQ2ZDVmXkEyXkFqcGdeQXVyMzIwMjYzOTA@._V1_UY209_CR24,0,140,209_AL_.jpg"
Kelsey, Asbille,"https://m.media-amazon.com/images/M/MV5BMGZlMDg0ZDgtOGMyNS00ZGM5LTkxZGUtNjY3ZWFmMmJlMmFiXkEyXkFqcGdeQXVyMjQwMDg0Ng@@._V1_UY209_CR14,0,140,209_AL_.jpg"
Jason, Statham,"https://m.media-amazon.com/images/M/MV5BMTkxMzk2MDkwOV5BMl5BanBnXkFtZTcwMDAxODQwMg@@._V1_UX140_CR0,0,140,209_AL_.jpg"
Mary, Elizabeth Winstead,"https://m.media-amazon.com/images/M/MV5BMGNhZDVjM2MtMGQ2Mi00ZjRmLWJkZDUtYmMzOWZjMWFmNGUxXkEyXkFqcGdeQXVyMTkxNjUyNQ@@._V1_UY209_CR2,0,140,209_AL_.jpg"
Luke, Grimes,"https://m.media-amazon.com/images/M/MV5BMTcyNzgxNDY2Nl5BMl5BanBnXkFtZTgwMTcxMjA3NTM@._V1_UX140_CR0,0,140,209_AL_.jpg"
Jay, Hernandez,"https://m.media-amazon.com/images/M/MV5BNDcyMjY4NDc5N15BMl5BanBnXkFtZTgwOTc1MTU5NTM@._V1_UX140_CR0,0,140,209_AL_.jpg"
Elizabeth, Debicki,"https://m.media-amazon.com/images/M/MV5BMWRiNzczYzMtOGE1Yi00Njg0LWFkNTUtYzE3NmVkZDZkMjg5XkEyXkFqcGdeQXVyMjQwMDg0Ng@@._V1_UY209_CR14,0,140,209_AL_.jpg"
Karla, Crome,"https://m.media-amazon.com/images/M/MV5BOTY1MTQyOTcxNF5BMl5BanBnXkFtZTgwMzI5MDYxMjE@._V1_UX140_CR0,0,140,209_AL_.jpg"
Molly, Ringwald,"https://m.media-amazon.com/images/M/MV5BMjM4MzM1NTkxNF5BMl5BanBnXkFtZTgwMzA4NTk3MjE@._V1_UY209_CR12,0,140,209_AL_.jpg"
Ke, Huy Quan,"https://m.media-amazon.com/images/M/MV5BMmMyN2MxMjQtNDFjYi00MTE3LTgwYTMtZmQzODUyZGUwYmExXkEyXkFqcGdeQXVyMTM5NDUxMTA@._V1_UX140_CR0,0,140,209_AL_.jpg"
Mel, Gibson,"https://m.media-amazon.com/images/M/MV5BNTUzOTMwNTM0OV5BMl5BanBnXkFtZTcwNDQwMTUxMw@@._V1_UY209_CR6,0,140,209_AL_.jpg"
Liam, Neeson,"https://m.media-amazon.com/images/M/MV5BMjA1MTQ3NzU1MV5BMl5BanBnXkFtZTgwMDE3Mjg0MzE@._V1_UY209_CR35,0,140,209_AL_.jpg"
Charlbi, Dean,"https://m.media-amazon.com/images/M/MV5BMTgxNzc2MDY5MF5BMl5BanBnXkFtZTgwMTQyODgwNjE@._V1_UX140_CR0,0,140,209_AL_.jpg"
Linda, Cardellini,"https://m.media-amazon.com/images/M/MV5BMTQ2MDM4MTM2NF5BMl5BanBnXkFtZTgwMTM4MjYyMDE@._V1_UY209_CR5,0,140,209_AL_.jpg"
Bonnie, Somerville,"https://m.media-amazon.com/images/M/MV5BYjkwNWNhYTItM2FlMC00NDRiLTg5MjQtNzUwNzhjMDI0YzI1XkEyXkFqcGdeQXVyMTczMzM0MTg@._V1_UY209_CR1,0,140,209_AL_.jpg"
Scarlett, Johansson,"https://m.media-amazon.com/images/M/MV5BMTM3OTUwMDYwNl5BMl5BanBnXkFtZTcwNTUyNzc3Nw@@._V1_UY209_CR16,0,140,209_AL_.jpg"
Chloe, Grace Moretz,"https://m.media-amazon.com/images/M/MV5BNjBlZTljOTctZmJjZS00YzE0LWE5NTUtMzA2MTE1MGQwMDFhXkEyXkFqcGdeQXVyMTYxNjg0Njgy._V1_UY209_CR13,0,140,209_AL_.jpg"
Lupita, Nyong'o,"https://m.media-amazon.com/images/M/MV5BMTY0NTQ4MDY2Nl5BMl5BanBnXkFtZTgwNDk1MTEyMDE@._V1_UX140_CR0,0,140,209_AL_.jpg"
Allison, Williams,"https://m.media-amazon.com/images/M/MV5BNjkwZTZjZjItNTNiNy00MGUxLWEzYWYtYmUxNjE0NWVhYWFlXkEyXkFqcGdeQXVyNjg2NzQzMDE@._V1_UY209_CR6,0,140,209_AL_.jpg"
Quentin, Tarantino,"https://m.media-amazon.com/images/M/MV5BMTgyMjI3ODA3Nl5BMl5BanBnXkFtZTcwNzY2MDYxOQ@@._V1_UX140_CR0,0,140,209_AL_.jpg"
Elaine, Miles,"https://m.media-amazon.com/images/M/MV5BMTQ4MTIxODI5NF5BMl5BanBnXkFtZTgwODQyNjc5NTE@._V1_UY209_CR179,0,140,209_AL_.jpg"
Matthew, McConaughey,"https://m.media-amazon.com/images/M/MV5BMTg0MDc3ODUwOV5BMl5BanBnXkFtZTcwMTk2NjY4Nw@@._V1_UX140_CR0,0,140,209_AL_.jpg"
John, Travolta,"https://m.media-amazon.com/images/M/MV5BMTMyMjZlYzgtZWRjMC00OTRmLTllZTktMmM1ODVmNjljMTQyXkEyXkFqcGdeQXVyMTExNzQ3MzAw._V1_UY209_CR15,0,140,209_AL_.jpg"
Taron, Egerton,"https://m.media-amazon.com/images/M/MV5BMTYzODU2OTI2Nl5BMl5BanBnXkFtZTgwMTUyMTAwMzE@._V1_UY209_CR5,0,140,209_AL_.jpg"
Isabelle, Fuhrman,"https://m.media-amazon.com/images/M/MV5BZGRjZmY1YzMtODM4MS00NjE3LWJjZDYtMTA2MGI1YzczYTAxXkEyXkFqcGdeQXVyMTA1NjEwMTM@._V1_UY209_CR9,0,140,209_AL_.jpg"
Michael, Keaton,"https://m.media-amazon.com/images/M/MV5BZmNiZmMzN2MtOTNkMy00YjA1LTg4NzktMWI4Njg1NzI3ODAyXkEyXkFqcGdeQXVyNzg5MzIyOA@@._V1_UX140_CR0,0,140,209_AL_.jpg"
Kate, Winslet,"https://m.media-amazon.com/images/M/MV5BODgzMzM2NTE0Ml5BMl5BanBnXkFtZTcwMTcyMTkyOQ@@._V1_UX140_CR0,0,140,209_AL_.jpg"
James, Norton,"https://m.media-amazon.com/images/M/MV5BMjc2Mzg5MjgxNF5BMl5BanBnXkFtZTgwODY4MDA1MDE@._V1_UY209_CR2,0,140,209_AL_.jpg"
Carrie, Coon,"https://m.media-amazon.com/images/M/MV5BY2JlNjA2MzgtNjMwNy00Mjg1LTk1NGYtZTQ3NTZjYTgxMjM1XkEyXkFqcGdeQXVyMjQwMDg0Ng@@._V1_UX140_CR0,0,140,209_AL_.jpg"
Robert, Downey Jr.,"https://m.media-amazon.com/images/M/MV5BNzg1MTUyNDYxOF5BMl5BanBnXkFtZTgwNTQ4MTE2MjE@._V1_UX140_CR0,0,140,209_AL_.jpg"
Ryan, Gosling,"https://m.media-amazon.com/images/M/MV5BMTQzMjkwNTQ2OF5BMl5BanBnXkFtZTgwNTQ4MTQ4MTE@._V1_UY209_CR12,0,140,209_AL_.jpg"
Mark, Wahlberg,"https://m.media-amazon.com/images/M/MV5BMTU0MTQ4OTMyMV5BMl5BanBnXkFtZTcwMTQxOTY1NA@@._V1_UY209_CR10,0,140,209_AL_.jpg"
Alison, Pill,"https://m.media-amazon.com/images/M/MV5BMjA4NDMyMDkzMl5BMl5BanBnXkFtZTcwNjQ4ODgwMg@@._V1_UX140_CR0,0,140,209_AL_.jpg"
Tom, Burke,"https://m.media-amazon.com/images/M/MV5BMjAxMjk4MjgyMl5BMl5BanBnXkFtZTcwODk1MjgxOA@@._V1_UX140_CR0,0,140,209_AL_.jpg"
Dave, Bautista,"https://m.media-amazon.com/images/M/MV5BNTZkYzU0ZGUtZTk1MC00MzJjLWFmMzItY2M0ODY1ZmI2OGQ0XkEyXkFqcGdeQXVyMjI0MjgwNjc@._V1_UY209_CR116,0,140,209_AL_.jpg"
Katheryn, Winnick,"https://m.media-amazon.com/images/M/MV5BZWE3NGE3NWUtNDA4NC00ODYyLThmMTgtNjQ4Y2ZkYzdmMmQ5XkEyXkFqcGdeQXVyMTE1MzA3MTI@._V1_UY209_CR87,0,140,209_AL_.jpg"
Emma, Thompson,"https://m.media-amazon.com/images/M/MV5BMTMwNTAyOTg0MF5BMl5BanBnXkFtZTcwNTg0MzY1Mw@@._V1_UY209_CR7,0,140,209_AL_.jpg"
Steve, Zahn,"https://m.media-amazon.com/images/M/MV5BMzc0MzcxMDgtMTIzNy00MmZkLTk5Y2EtYWQ1NWYzNDcyOGEzXkEyXkFqcGdeQXVyNjk1MjYyNTA@._V1_UY209_CR8,0,140,209_AL_.jpg"
Johnny, Depp,"https://m.media-amazon.com/images/M/MV5BOTBhMTI1NDQtYmU4Mi00MjYyLTk5MjEtZjllMDkxOWY3ZGRhXkEyXkFqcGdeQXVyNzI1NzMxNzM@._V1_UY209_CR1,0,140,209_AL_.jpg"
Justine, Bateman,"https://m.media-amazon.com/images/M/MV5BMjg4NDVmMzUtOWU4OC00ZDNmLWFjMWYtYmMwYjI0NzZjNGE2XkEyXkFqcGdeQXVyMzMwMDIwMA@@._V1_UY209_CR22,0,140,209_AL_.jpg"
Lauren, Ambrose,"https://m.media-amazon.com/images/M/MV5BMTI2NzI1NzkyOF5BMl5BanBnXkFtZTYwNTgwNDE1._V1_UX140_CR0,0,140,209_AL_.jpg"
Guy, Ritchie,"https://m.media-amazon.com/images/M/MV5BMTM2NDkxMTcxMl5BMl5BanBnXkFtZTcwNTMyNjI5MQ@@._V1_UY209_CR6,0,140,209_AL_.jpg"
Drew, Barrymore,"https://m.media-amazon.com/images/M/MV5BMjEyOTMzODIxM15BMl5BanBnXkFtZTcwODM2NTY5Mg@@._V1_UY209_CR4,0,140,209_AL_.jpg"
Darren, Aronofsky,"https://m.media-amazon.com/images/M/MV5BMTI1NTQ0NjU3MF5BMl5BanBnXkFtZTcwOTQ0MTUyMg@@._V1_UX140_CR0,0,140,209_AL_.jpg"
Emilia, Clarke,"https://m.media-amazon.com/images/M/MV5BNjg3OTg4MDczMl5BMl5BanBnXkFtZTgwODc0NzUwNjE@._V1_UX140_CR0,0,140,209_AL_.jpg"
Amie, Donald,"https://m.media-amazon.com/images/M/MV5BYmQzMjU2MDItNjNiNi00ZWY1LTlkZDgtMWZjYWM5ZTkxMGM3XkEyXkFqcGdeQXVyMTQzOTI3OTU3._V1_UY209_CR13,0,140,209_AL_.jpg"
Ben, Affleck,"https://m.media-amazon.com/images/M/MV5BMzczNzNiMDAtMmUzZS00MTkwLWIwOTYtNmYyNjg3MTVkNThhXkEyXkFqcGdeQXVyMjA4MjI5MTA@._V1_UY209_CR8,0,140,209_AL_.jpg"
Jonah, Hill,"https://m.media-amazon.com/images/M/MV5BMTUyNDU0NzAwNl5BMl5BanBnXkFtZTcwMzQxMzIzNw@@._V1_UY209_CR19,0,140,209_AL_.jpg"
Andrea, Riseborough,"https://m.media-amazon.com/images/M/MV5BMTU5MTUzNDAwN15BMl5BanBnXkFtZTcwMjA0NjcyNw@@._V1_UX140_CR0,0,140,209_AL_.jpg"
Adam, Sandler,"https://m.media-amazon.com/images/M/MV5BMjQyNzM2MjM1Ml5BMl5BanBnXkFtZTcwMDE5NjI3Mg@@._V1_UY209_CR5,0,140,209_AL_.jpg"
Val, Kilmer,"https://m.media-amazon.com/images/M/MV5BMTk3ODIzMDA5Ml5BMl5BanBnXkFtZTcwNDY0NTU4Ng@@._V1_UY209_CR3,0,140,209_AL_.jpg"
Bryce, Dallas Howard,"https://m.media-amazon.com/images/M/MV5BNzExZDkyNWItMDYzNS00MGVlLTllZTctMjYyZGE1MmY0MThhXkEyXkFqcGdeQXVyMDA4NzMyOA@@._V1_UY209_CR13,0,140,209_AL_.jpg"
Robert, De Niro,"https://m.media-amazon.com/images/M/MV5BMjAwNDU3MzcyOV5BMl5BanBnXkFtZTcwMjc0MTIxMw@@._V1_UY209_CR9,0,140,209_AL_.jpg"
Orlando, Bloom,"https://m.media-amazon.com/images/M/MV5BMjE1MDkxMjQ3NV5BMl5BanBnXkFtZTcwMzQ3Mjc4MQ@@._V1_UY209_CR6,0,140,209_AL_.jpg"
Brittany, Snow,"https://m.media-amazon.com/images/M/MV5BZDg4ZjI3YTgtYTZkZS00Nzg2LTk1Y2QtZjMyNmRjZDA2MTg2XkEyXkFqcGdeQXVyMjQ5MTkzMjc@._V1_UY209_CR3,0,140,209_AL_.jpg"
Zoe, Saldana,"https://m.media-amazon.com/images/M/MV5BMGNhNzdlMTAtZGE2NS00MmU5LWIzNmYtMjVlNThiNmU1ZWY4XkEyXkFqcGdeQXVyMTkxNjUyNQ@@._V1_UY209_CR23,0,140,209_AL_.jpg"
Madison, Bailey,"https://m.media-amazon.com/images/M/MV5BYmMwYjM0NWUtYzBhYi00MzFlLWJlYTktYjVkNDNlMmNhYzU0XkEyXkFqcGdeQXVyNTg3Mzk0Mzc@._V1_UX140_CR0,0,140,209_AL_.jpg"
Tig, Notaro,"https://m.media-amazon.com/images/M/MV5BMTc1ODIxNjMxM15BMl5BanBnXkFtZTgwODExMTk3NzE@._V1_UY209_CR20,0,140,209_AL_.jpg"
Salma, Hayek,"https://m.media-amazon.com/images/M/MV5BMzkyMTk2NzM2Ml5BMl5BanBnXkFtZTcwNDQ4MjYzMg@@._V1_UY209_CR4,0,140,209_AL_.jpg"
Jessica, Chastain,"https://m.media-amazon.com/images/M/MV5BMTU1MDM5NjczOF5BMl5BanBnXkFtZTcwOTY2MDE4OA@@._V1_UY209_CR0,0,140,209_AL_.jpg"
Maiara, Walsh,"https://m.media-amazon.com/images/M/MV5BODAzNjA4MjMtNmU2ZC00ZjI3LWE0MmQtNTQxNjBkYWY0NjBlXkEyXkFqcGdeQXVyMTE2OTA5MzE@._V1_UX140_CR0,0,140,209_AL_.jpg"
Channing, Tatum,"https://m.media-amazon.com/images/M/MV5BMTUyOTc2NTEwNV5BMl5BanBnXkFtZTgwNDgxMjMxNjE@._V1_UY209_CR39,0,140,209_AL_.jpg"
Theo, James,"https://m.media-amazon.com/images/M/MV5BODc4ZWI3OWYtMGRhYi00MGJkLThjYWUtYjk3MmU5MTQzOTY2XkEyXkFqcGdeQXVyMTgzNjAyMjM@._V1_UY209_CR8,0,140,209_AL_.jpg"
Britt, Robertson,"https://m.media-amazon.com/images/M/MV5BMzM3NjAyNTQxOF5BMl5BanBnXkFtZTgwMDU2NDQ1ODE@._V1_UX140_CR0,0,140,209_AL_.jpg"
Diane, Morgan,"https://m.media-amazon.com/images/M/MV5BN2M4MGM3NjItNDMyNC00ZjVmLWFkNTctNjAzODcyZGVjNzhlXkEyXkFqcGdeQXVyMTExNDQ2MTI@._V1_UY209_CR44,0,140,209_AL_.jpg"
Keira, Knightley,"https://m.media-amazon.com/images/M/MV5BMTYwNDM0NDA3M15BMl5BanBnXkFtZTcwNTkzMjQ3OA@@._V1_UY209_CR4,0,140,209_AL_.jpg"
Troy, Baker,"https://m.media-amazon.com/images/M/MV5BMGIwYTc4YzctOThhMS00MGQzLWEwYjItYjQ5N2E1NjZjYjUwXkEyXkFqcGdeQXVyNDI5MDY4MQ@@._V1_UY209_CR87,0,140,209_AL_.jpg"
Amy, Adams,"https://m.media-amazon.com/images/M/MV5BMTg2NTk2MTgxMV5BMl5BanBnXkFtZTgwNjcxMjAzMTI@._V1_UX140_CR0,0,140,209_AL_.jpg"
Julian, Sands,"https://m.media-amazon.com/images/M/MV5BNzQ1MmJkYjEtNzZiNi00NTQ2LWJiN2EtODA0NjFlZGM0ZGZhXkEyXkFqcGdeQXVyMTIzODM0NTEx._V1_UY209_CR4,0,140,209_AL_.jpg"
Gemma, Arterton,"https://m.media-amazon.com/images/M/MV5BOTAwNTMwMzE5OF5BMl5BanBnXkFtZTgwMjYwNzI2MjE@._V1_UX140_CR0,0,140,209_AL_.jpg"
Michelle, Monaghan,"https://m.media-amazon.com/images/M/MV5BNzEwYTdjNjYtZDk4NC00YzFmLTlkZTQtNTQyZTg3YmIxYWIxL2ltYWdlXkEyXkFqcGdeQXVyNzg5MzIyOA@@._V1_UY209_CR13,0,140,209_AL_.jpg"
Emma, Fuhrmann,"https://m.media-amazon.com/images/M/MV5BZWI1ZDM0OWYtODc0ZC00Y2Y2LThhMTQtNWQzMWU1NzY1Y2Q5XkEyXkFqcGdeQXVyMjA4MDEwMTE@._V1_UY209_CR15,0,140,209_AL_.jpg"
Emma, Myers,"https://m.media-amazon.com/images/M/MV5BNDllMzYxN2ItNzkzZS00ODQwLWJjZjItMjVjYzgyMDdhMWUwXkEyXkFqcGdeQXVyMTAwODQyMDE1._V1_UX140_CR0,0,140,209_AL_.jpg"
Will, Smith,"https://m.media-amazon.com/images/M/MV5BNTczMzk1MjU1MV5BMl5BanBnXkFtZTcwNDk2MzAyMg@@._V1_UY209_CR2,0,140,209_AL_.jpg"
Ralph, Fiennes,"https://m.media-amazon.com/images/M/MV5BMzc5MjE1NDgyN15BMl5BanBnXkFtZTcwNzg2ODgwNA@@._V1_UY209_CR10,0,140,209_AL_.jpg"
Erika, Christensen,"https://m.media-amazon.com/images/M/MV5BNjQ3ODYyNTczOF5BMl5BanBnXkFtZTgwOTU1NDE2MDI@._V1_UY209_CR7,0,140,209_AL_.jpg"
Orla, Brady,"https://m.media-amazon.com/images/M/MV5BMGVlMGVlN2ItMWU0Ni00YmRjLWJiZjUtMWVjYzVkNGM2ZTM0XkEyXkFqcGdeQXVyMTA5Nzc2Nzc@._V1_UY209_CR19,0,140,209_AL_.jpg"
Tessa, Thompson,"https://m.media-amazon.com/images/M/MV5BNjk4MDU3NDg4NF5BMl5BanBnXkFtZTcwMjMxMjcwNA@@._V1_UX140_CR0,0,140,209_AL_.jpg"
Gates, McFadden,"https://m.media-amazon.com/images/M/MV5BOGUwZWU0Y2ItNDc0ZS00N2Y3LWJlYjYtMWRjMmRlMDNmMzY0XkEyXkFqcGdeQXVyMTEyMjQ0NDk4._V1_UY209_CR34,0,140,209_AL_.jpg"
Elodie, Yung,"https://m.media-amazon.com/images/M/MV5BNjMzOTg4MDM3NF5BMl5BanBnXkFtZTgwMTUzMjM4NDM@._V1_UY209_CR4,0,140,209_AL_.jpg"
Olivia, Wilde,"https://m.media-amazon.com/images/M/MV5BMTg5NTc1NzgwOV5BMl5BanBnXkFtZTcwMTcyMjIzMQ@@._V1_UY209_CR13,0,140,209_AL_.jpg"
David, Harbour,"https://m.media-amazon.com/images/M/MV5BZTc5ODUzMDAtZGFhZS00NmExLTlhYWYtZDY0NGI2MGMwYTIzXkEyXkFqcGdeQXVyODY0MzQyODc@._V1_UY209_CR14,0,140,209_AL_.jpg"
Travis, Fimmel,"https://m.media-amazon.com/images/M/MV5BNzMzNTcwMTkxN15BMl5BanBnXkFtZTgwMTgwMDE1MzI@._V1_UX140_CR0,0,140,209_AL_.jpg"
Michael, Shannon,"https://m.media-amazon.com/images/M/MV5BMjE0NzM5MTc5OF5BMl5BanBnXkFtZTgwMjc3ODYxODE@._V1_UX140_CR0,0,140,209_AL_.jpg"
Michael, Douglas,"https://m.media-amazon.com/images/M/MV5BMTQ3NzMzOTQ3MF5BMl5BanBnXkFtZTcwOTE0MzY1Mw@@._V1_UY209_CR9,0,140,209_AL_.jpg"
Olivia, Rodrigo,"https://m.media-amazon.com/images/M/MV5BYjU1YzNlM2UtOTUzOS00NWY1LWFjMDQtYTdlZDMyNDEzYjYzXkEyXkFqcGdeQXVyMTkxNjUyNQ@@._V1_UX140_CR0,0,140,209_AL_.jpg"
Russell, Crowe,"https://m.media-amazon.com/images/M/MV5BMTQyMTExNTMxOF5BMl5BanBnXkFtZTcwNDg1NzkzNw@@._V1_UX140_CR0,0,140,209_AL_.jpg"
Ophelia, Lovibond,"https://m.media-amazon.com/images/M/MV5BMTk4MzA3MDcyNl5BMl5BanBnXkFtZTcwNDc2NjI4NA@@._V1_UY209_CR4,0,140,209_AL_.jpg"
Matt, Damon,"https://m.media-amazon.com/images/M/MV5BMTM0NzYzNDgxMl5BMl5BanBnXkFtZTcwMDg2MTMyMw@@._V1_UY209_CR8,0,140,209_AL_.jpg"
Elizabeth, Olsen,"https://m.media-amazon.com/images/M/MV5BMjEzMjA0ODk1OF5BMl5BanBnXkFtZTcwMTA4ODM3OQ@@._V1_UY209_CR4,0,140,209_AL_.jpg"
Glen, Powell,"https://m.media-amazon.com/images/M/MV5BMGEzMTIwM2UtYjc5MC00ZGI4LWJiOTAtYzAwZmU0OTYzYWIxXkEyXkFqcGdeQXVyNDg0MzQyNA@@._V1_UX140_CR0,0,140,209_AL_.jpg"
Monica, Bellucci,"https://m.media-amazon.com/images/M/MV5BMTI2MzM5Njk1OF5BMl5BanBnXkFtZTYwMjA5OTgz._V1_UY209_CR3,0,140,209_AL_.jpg"
Eva, Green,"https://m.media-amazon.com/images/M/MV5BMTQ0MDA2ODE2Ml5BMl5BanBnXkFtZTcwMjI0Nzc3Nw@@._V1_UX140_CR0,0,140,209_AL_.jpg"
Marie-Josee, Croze,"https://m.media-amazon.com/images/M/MV5BNGY1ODI0N2EtNzEzNS00YTRhLWExY2ItNWNmYWViYmY2NjkwXkEyXkFqcGdeQXVyMjQwMDg0Ng@@._V1_UX140_CR0,0,140,209_AL_.jpg"
Natalie, Portman,"https://m.media-amazon.com/images/M/MV5BYzU0ZGRhZWItMGJlNy00YzlkLWIzOWYtNDA2NzlhMDg3YjMwXkEyXkFqcGdeQXVyMDM2NDM2MQ@@._V1_UX140_CR0,0,140,209_AL_.jpg"
Monica, Barbaro,"https://m.media-amazon.com/images/M/MV5BNjUwNzU5ZDktMDAzMy00NjExLWEwMzgtY2MxNjM2MTM0ODczXkEyXkFqcGdeQXVyMTI2Nzk2ODk3._V1_UX140_CR0,0,140,209_AL_.jpg"
Bellamy, Young,"https://m.media-amazon.com/images/M/MV5BMTQ5NTU5NjU1NF5BMl5BanBnXkFtZTcwNzIxMjM5OA@@._V1_UX140_CR0,0,140,209_AL_.jpg"
Catherine, Zeta-Jones,"https://m.media-amazon.com/images/M/MV5BZGE4MzUwMTYtYTFmNi00ZTRhLThjNDEtY2FlMTgyZmVmYTQwXkEyXkFqcGdeQXVyODczMzQ3NjY@._V1_UY209_CR54,0,140,209_AL_.jpg"
Sherrie, Rose,"https://m.media-amazon.com/images/M/MV5BMTQ2OTQ5OTY3NF5BMl5BanBnXkFtZTcwMzQ3MDcwOQ@@._V1_UX140_CR0,0,140,209_AL_.jpg"
Emma, Stone,"https://m.media-amazon.com/images/M/MV5BMjI4NjM1NDkyN15BMl5BanBnXkFtZTgwODgyNTY1MjE@._V1_UX140_CR0,0,140,209_AL_.jpg"
Jake, Gyllenhaal,"https://m.media-amazon.com/images/M/MV5BNjA0MTU2NDY3MF5BMl5BanBnXkFtZTgwNDU4ODkzMzE@._V1_UX140_CR0,0,140,209_AL_.jpg"
Justice, Smith,"https://m.media-amazon.com/images/M/MV5BNDI4Y2UzZTAtYWVhOS00MDhkLWFhNzAtOGVhNjcwMTM0MjQ2XkEyXkFqcGdeQXVyNTU2NjEwMzY@._V1_UY209_CR87,0,140,209_AL_.jpg"
Bryan, Cranston,"https://m.media-amazon.com/images/M/MV5BMTA2NjEyMTY4MTVeQTJeQWpwZ15BbWU3MDQ5NDAzNDc@._V1_UX140_CR0,0,140,209_AL_.jpg"
Anne, Hathaway,"https://m.media-amazon.com/images/M/MV5BMTRhNzQ3NGMtZmQ1Mi00ZTViLTk3OTgtOTk0YzE2YTgwMmFjXkEyXkFqcGdeQXVyNzg5MzIyOA@@._V1_UY209_CR14,0,140,209_AL_.jpg"
Ginnifer, Goodwin,"https://m.media-amazon.com/images/M/MV5BY2NmODMxNzctYzA3NS00NzFiLTliYWYtMzMzNDlmM2NkMWQxXkEyXkFqcGdeQXVyMTU1MDQ2NTM@._V1_UX140_CR0,0,140,209_AL_.jpg"
Angela, Bassett,"https://m.media-amazon.com/images/M/MV5BMjI4OTQ1NTcxOF5BMl5BanBnXkFtZTcwOTc1NTU0OQ@@._V1_UX140_CR0,0,140,209_AL_.jpg"
Rose, Williams,"https://m.media-amazon.com/images/M/MV5BOWRlMDA1N2UtNWU5OC00ODc3LTgwYjAtYmM3ZTM1YjlhOTY1XkEyXkFqcGdeQXVyMjQwMDg0Ng@@._V1_UY209_CR90,0,140,209_AL_.jpg"
Martin, Scorsese,"https://m.media-amazon.com/images/M/MV5BMTcyNDA4Nzk3N15BMl5BanBnXkFtZTcwNDYzMjMxMw@@._V1_UX140_CR0,0,140,209_AL_.jpg"
Jason, Segel,"https://m.media-amazon.com/images/M/MV5BMTUwNzcxNzM1Nl5BMl5BanBnXkFtZTgwNzA5NzU4MjE@._V1_UY209_CR8,0,140,209_AL_.jpg"
Rachel, McAdams,"https://m.media-amazon.com/images/M/MV5BMTY5ODcxMDU4NV5BMl5BanBnXkFtZTcwMjAzNjQyNQ@@._V1_UY209_CR2,0,140,209_AL_.jpg"
Kaitlyn, Dever,"https://m.media-amazon.com/images/M/MV5BZDcyZTNjM2ItM2UyMC00YjdkLTk3MmEtZDk2Y2NiMWQ3NWY2XkEyXkFqcGdeQXVyMTk5MzgwMDM@._V1_UY209_CR2,0,140,209_AL_.jpg"
Lauren, London,"https://m.media-amazon.com/images/M/MV5BMTQ4MTkzNTg4M15BMl5BanBnXkFtZTYwMjUzMTE1._V1_UX140_CR0,0,140,209_AL_.jpg"
Sarah, Shahi,"https://m.media-amazon.com/images/M/MV5BMTU0MzE2NTI1NV5BMl5BanBnXkFtZTcwODcwMzMwOQ@@._V1_UY209_CR1,0,140,209_AL_.jpg"
Adrianne, Palicki,"https://m.media-amazon.com/images/M/MV5BMTQ4MjM4OTA2OF5BMl5BanBnXkFtZTcwNDM3NzIzOQ@@._V1_UX140_CR0,0,140,209_AL_.jpg"
William, Fichtner,"https://m.media-amazon.com/images/M/MV5BYmM2Yzc1MDEtMjg5NC00NDU4LTg0Y2MtOTExMjgyZDgyZGVjXkEyXkFqcGdeQXVyNDI5Mzk0MjM@._V1_UY209_CR16,0,140,209_AL_.jpg"
Mila, Kunis,"https://m.media-amazon.com/images/M/MV5BODQyNTQyNzY4MV5BMl5BanBnXkFtZTcwODg5MDA3MQ@@._V1_UY209_CR17,0,140,209_AL_.jpg"
Tati, Gabrielle,"https://m.media-amazon.com/images/M/MV5BNjM5NDk3NDM4NV5BMl5BanBnXkFtZTgwMzU4Mzc1NzM@._V1_UX140_CR0,0,140,209_AL_.jpg"
Al, Pacino,"https://m.media-amazon.com/images/M/MV5BMTQzMzg1ODAyNl5BMl5BanBnXkFtZTYwMjAxODQ1._V1_UX140_CR0,0,140,209_AL_.jpg"
Charlize, Theron,"https://m.media-amazon.com/images/M/MV5BMTk5Mzc4ODU0Ml5BMl5BanBnXkFtZTcwNjU1NTI0Mw@@._V1_UY209_CR8,0,140,209_AL_.jpg"
Brittany, O'Grady,"https://m.media-amazon.com/images/M/MV5BMDczNDNiNWUtNGU4Yi00NTYwLWIzYjctNTZiZDQ2ZTIyNWE1XkEyXkFqcGdeQXVyNTAxMTEwNDg@._V1_UX140_CR0,0,140,209_AL_.jpg"
Iliza, Shlesinger,"https://m.media-amazon.com/images/M/MV5BMTQ5MzMwNjI4NF5BMl5BanBnXkFtZTcwMTU5Mzc2Mw@@._V1_UY209_CR10,0,140,209_AL_.jpg"
Christopher, Nolan,"https://m.media-amazon.com/images/M/MV5BNjE3NDQyOTYyMV5BMl5BanBnXkFtZTcwODcyODU2Mw@@._V1_UY209_CR5,0,140,209_AL_.jpg"
Thandiwe, Newton,"https://m.media-amazon.com/images/M/MV5BNjMzNTAxNDUwNV5BMl5BanBnXkFtZTcwMjMyNjI5MQ@@._V1_UY209_CR10,0,140,209_AL_.jpg"
Michael, Rady,"https://m.media-amazon.com/images/M/MV5BOTc5Mjg2Mzk0M15BMl5BanBnXkFtZTcwOTcxMDI4Nw@@._V1_UY209_CR6,0,140,209_AL_.jpg"
Carla, Gugino,"https://m.media-amazon.com/images/M/MV5BNzQyNTgzOTI2OF5BMl5BanBnXkFtZTgwNTMyMDk0NjE@._V1_UX140_CR0,0,140,209_AL_.jpg"
Alicia, Vikander,"https://m.media-amazon.com/images/M/MV5BMzg1MzQyYTktN2U3Ni00ZTQ2LThkMjEtODcxY2UyNmM5ZDBhXkEyXkFqcGdeQXVyMTExNzQ3MzAw._V1_UY209_CR29,0,140,209_AL_.jpg"
Dawn, Olivieri,"https://m.media-amazon.com/images/M/MV5BMjAxMjM1MTEyOV5BMl5BanBnXkFtZTcwNDMzODIyNw@@._V1_UY209_CR15,0,140,209_AL_.jpg"
Kate, Mulvany,"https://m.media-amazon.com/images/M/MV5BYTNhZmEwOTktN2JmYi00MjdiLWFiZmItNmVhM2I3N2VhZDM1XkEyXkFqcGdeQXVyMjUwMTE2MzM@._V1_UX140_CR0,0,140,209_AL_.jpg"
Julie, Strain,"https://m.media-amazon.com/images/M/MV5BMTI5MzA5NTM0N15BMl5BanBnXkFtZTYwMjQ5MDUz._V1_UY209_CR7,0,140,209_AL_.jpg"
Brendan, Gleeson,"https://m.media-amazon.com/images/M/MV5BMTA3NTMxODI0OTBeQTJeQWpwZ15BbWU3MDQ1NTY5Mjc@._V1_UX140_CR0,0,140,209_AL_.jpg"
Damien, Chazelle,"https://m.media-amazon.com/images/M/MV5BMjE2MzcyODA3MV5BMl5BanBnXkFtZTgwNTA3NTU2MjE@._V1_UY209_CR4,0,140,209_AL_.jpg"
Timothy, Olyphant,"https://m.media-amazon.com/images/M/MV5BMTc2NzY0OTA2Ml5BMl5BanBnXkFtZTYwNDYzODgz._V1_UY209_CR3,0,140,209_AL_.jpg"
Annabelle, Wallis,"https://m.media-amazon.com/images/M/MV5BMjA2MjU2NjE1OV5BMl5BanBnXkFtZTgwNTMyMTAzMjI@._V1_UY209_CR92,0,140,209_AL_.jpg"
Megan, Fox,"https://m.media-amazon.com/images/M/MV5BMTc5MjgyMzk4NF5BMl5BanBnXkFtZTcwODk2OTM4Mg@@._V1_UY209_CR3,0,140,209_AL_.jpg"
Alan, Rickman,"https://m.media-amazon.com/images/M/MV5BMTUwNTc4MTg4Ml5BMl5BanBnXkFtZTcwNDY2MjkxOA@@._V1_UY209_CR7,0,140,209_AL_.jpg"
Michelle, Randolph,"https://m.media-amazon.com/images/M/MV5BNzY3NGMwMjktZjc1Yy00ZWFhLWIxNGQtOTQ1MjE0ZmIzZmRlXkEyXkFqcGdeQXVyNzU1NzAxMTI@._V1_UY209_CR9,0,140,209_AL_.jpg"
Wagner, Moura,"https://m.media-amazon.com/images/M/MV5BN2Q3YTg3MjYtNmM0ZS00OTgzLTg1YTAtMWIyMDMxZDg1MDk0XkEyXkFqcGdeQXVyMTEzNjM0NTQw._V1_UY209_CR13,0,140,209_AL_.jpg"
Anna, Paquin,"https://m.media-amazon.com/images/M/MV5BMTcxNzM2NjMzNl5BMl5BanBnXkFtZTgwOTE2Njk0MjE@._V1_UY209_CR67,0,140,209_AL_.jpg"
Olivia, Cooke,"https://m.media-amazon.com/images/M/MV5BOTVkNzI2ZDEtZGEzNy00ZGI0LTkxNDktYTFjZWUyODgyODQ1XkEyXkFqcGdeQXVyNDAzNDk0MTQ@._V1_UY209_CR9,0,140,209_AL_.jpg"
Chris, Pine,"https://m.media-amazon.com/images/M/MV5BMTM4OTQ4NTU3NV5BMl5BanBnXkFtZTcwNjEwNDU0OQ@@._V1_UX140_CR0,0,140,209_AL_.jpg"
Paolina, van Kleef,"https://m.media-amazon.com/images/M/MV5BOWQxMTQzNGMtZGIxNi00Zjg5LWI0OWYtNzA0NjU2YjYwMTk4XkEyXkFqcGdeQXVyNDg3MTU0MTY@._V1_UX140_CR0,0,140,209_AL_.jpg"
Michelle, Williams,"https://m.media-amazon.com/images/M/MV5BMjExNjY5NDY0MV5BMl5BanBnXkFtZTgwNjQ1Mjg1MTI@._V1_UX140_CR0,0,140,209_AL_.jpg"
Melissa, McCarthy,"https://m.media-amazon.com/images/M/MV5BMTg5NjA3ODkyMl5BMl5BanBnXkFtZTgwNTU4Mzg5NjE@._V1_UY209_CR12,0,140,209_AL_.jpg"
Abby, Ryder Fortson,"https://m.media-amazon.com/images/M/MV5BODZjZmJlZjQtYjNjNi00NTBhLWJmYTYtY2I2OTdiNmVjMmE0XkEyXkFqcGdeQXVyMzgzNTA3MjE@._V1_UY209_CR14,0,140,209_AL_.jpg"
Rihanna, Fenty,"https://m.media-amazon.com/images/M/MV5BMzVkMTUzNjMtMjYwNC00MmI4LTk0NWQtMGI0MmM1YzIyZjI3XkEyXkFqcGdeQXVyOTAyMDgxODQ@._V1_UY209_CR34,0,140,209_AL_.jpg"
Zachary, Levi,"https://m.media-amazon.com/images/M/MV5BNDU1N2YzNGYtOTU5Yy00NmE0LTkxMzUtZTNjN2I5ZGE3YTY4XkEyXkFqcGdeQXVyMTExNzQ3MzAw._V1_UY209_CR8,0,140,209_AL_.jpg"
Zendaya, Coleman,"https://m.media-amazon.com/images/M/MV5BMjAxZTk4NDAtYjI3Mi00OTk3LTg0NDEtNWFlNzE5NDM5MWM1XkEyXkFqcGdeQXVyOTI3MjYwOQ@@._V1_UY209_CR8,0,140,209_AL_.jpg"
Rupert, Grint,"https://m.media-amazon.com/images/M/MV5BNTNhODBmODktNjViNC00MTM2LWExMzUtNzY3MTY5NWI1ZDE4XkEyXkFqcGdeQXVyMDM2NDM2MQ@@._V1_UX140_CR0,0,140,209_AL_.jpg"
Anna, Kendrick,"https://m.media-amazon.com/images/M/MV5BMjIzOTA0OTQyN15BMl5BanBnXkFtZTcwMjE1OTIwMw@@._V1_UY209_CR4,0,140,209_AL_.jpg"
Zoey, Deutch,"https://m.media-amazon.com/images/M/MV5BN2QyNDg5OTUtZWNmZS00MmY1LWFiNjgtNzdmNjczZmFkZjZhXkEyXkFqcGdeQXVyMjMwNzU2MjM@._V1_UX140_CR0,0,140,209_AL_.jpg"
James, Spader,"https://m.media-amazon.com/images/M/MV5BMTQ3MTQ5NjY5Ml5BMl5BanBnXkFtZTgwMTY0NzU5MDE@._V1_UY209_CR9,0,140,209_AL_.jpg"
Joe, Manganiello,"https://m.media-amazon.com/images/M/MV5BOWI2MDE4YzAtZjQ5MS00NzdjLWFiYTEtZDUyMmM2OTdkNDA4XkEyXkFqcGdeQXVyMjY2OTExNA@@._V1_UY209_CR3,0,140,209_AL_.jpg"
Wendie, Malick,"https://m.media-amazon.com/images/M/MV5BOTZiZWJlNjktNmEzMC00Mjg2LWE3ZTEtMmE0NDA3M2IzN2Q2XkEyXkFqcGdeQXVyMjIwMDY1NDg@._V1_UY209_CR2,0,140,209_AL_.jpg"
Alden, Ehrenreich,"https://m.media-amazon.com/images/M/MV5BNjY5ODY0MDE5Nl5BMl5BanBnXkFtZTgwODg2NDM4ODE@._V1_UX140_CR0,0,140,209_AL_.jpg"
Gwendoline, Christie,"https://m.media-amazon.com/images/M/MV5BMzA3MTcxMTMzM15BMl5BanBnXkFtZTcwMDI2MDg0Nw@@._V1_UY209_CR1,0,140,209_AL_.jpg"
Storm, Reid,"https://m.media-amazon.com/images/M/MV5BZDdkYTA4YWEtZTQ1Zi00ZmU2LTlmMDUtZGIxNTRjY2FjODViXkEyXkFqcGdeQXVyMjk5NzM4OTc@._V1_UX140_CR0,0,140,209_AL_.jpg"
Nathalie, Emmanuel,"https://m.media-amazon.com/images/M/MV5BMTM3NzQ4ODU0M15BMl5BanBnXkFtZTcwMDM4Njg3OA@@._V1_UY209_CR8,0,140,209_AL_.jpg"
Eden, Sher,"https://m.media-amazon.com/images/M/MV5BYzEyZmFkZGYtMmE5Zi00OTlhLWIzNzgtMzlmMjYyMjc1NzU5XkEyXkFqcGdeQXVyNTk3NDg0MDU@._V1_UX140_CR0,0,140,209_AL_.jpg"
Hope, Davis,"https://m.media-amazon.com/images/M/MV5BOTM4Mjk5MjAwNF5BMl5BanBnXkFtZTcwNzQ3MTk3Mw@@._V1_UX140_CR0,0,140,209_AL_.jpg"
April, Bowlby,"https://m.media-amazon.com/images/M/MV5BZTgyNzY5YzgtMjNmOS00ZWMzLWE4ZGMtOWM4ODUzYjM2YzQzL2ltYWdlXkEyXkFqcGdeQXVyOTgzNjIwMQ@@._V1_UX140_CR0,0,140,209_AL_.jpg"
Rachel, Weisz,"https://m.media-amazon.com/images/M/MV5BMTQ4MzM1MDAwMV5BMl5BanBnXkFtZTcwNTU4NzQwMw@@._V1_UY209_CR3,0,140,209_AL_.jpg"
Ben, Aldridge,"https://m.media-amazon.com/images/M/MV5BOGI2ZTc0YjgtY2ZiYi00OTMyLTg4OTAtOTM1ZTFhYmE0ZjFmXkEyXkFqcGdeQXVyMTI2Nzk2MjQ1._V1_UX140_CR0,0,140,209_AL_.jpg"
Jonathan, Groff,"https://m.media-amazon.com/images/M/MV5BMTUzMDM1NzkxN15BMl5BanBnXkFtZTgwOTg0MzMwNDI@._V1_UY209_CR8,0,140,209_AL_.jpg"
Chris, Hemsworth,"https://m.media-amazon.com/images/M/MV5BOTU2MTI0NTIyNV5BMl5BanBnXkFtZTcwMTA4Nzc3OA@@._V1_UX140_CR0,0,140,209_AL_.jpg"
Natalie, Dormer,"https://m.media-amazon.com/images/M/MV5BNjM4NjQwMzE1Ml5BMl5BanBnXkFtZTgwNjg5MTM0NzE@._V1_UX140_CR0,0,140,209_AL_.jpg"
Jennifer, Aniston,"https://m.media-amazon.com/images/M/MV5BNjk1MjIxNjUxNF5BMl5BanBnXkFtZTcwODk2NzM4Mg@@._V1_UY209_CR3,0,140,209_AL_.jpg"
Katee, Sackhoff,"https://m.media-amazon.com/images/M/MV5BMTc4MTAxMDMxMV5BMl5BanBnXkFtZTgwMTYxNjE5MDI@._V1_UY209_CR8,0,140,209_AL_.jpg"
Vanessa, Kirby,"https://m.media-amazon.com/images/M/MV5BYzUzNjkwMjMtODRiNi00ZTliLWE3Y2ItMDJmZmFmNjg1YTMyXkEyXkFqcGdeQXVyMjQwMDg0Ng@@._V1_UY209_CR1,0,140,209_AL_.jpg"
Steve, Howey,"https://m.media-amazon.com/images/M/MV5BNDVjM2M1MjktMDZjMi00ODkyLWFlNzUtNjQwY2QyNDMzM2JiXkEyXkFqcGdeQXVyODEwMjQ0MzY@._V1_UY209_CR16,0,140,209_AL_.jpg"
Todd, Field,"https://m.media-amazon.com/images/M/MV5BMTI1ODI1MzI3Ml5BMl5BanBnXkFyZXN1bWU@._V1_UY209_CR11,0,140,209_AL_.jpg"
Pamela, Anderson,"https://m.media-amazon.com/images/M/MV5BYjQ5MDkyMGEtYmI0OS00MmM2LWE0MmEtZmQ2NjA5MzYyYTFjXkEyXkFqcGdeQXVyNjIwMTQzOTU@._V1_UY209_CR37,0,140,209_AL_.jpg"
Daniel, Craig,"https://m.media-amazon.com/images/M/MV5BMjEzMjk4NDU4MF5BMl5BanBnXkFtZTcwMDMyNjQzMg@@._V1_UY209_CR0,0,140,209_AL_.jpg"
Ariel, Winter,"https://m.media-amazon.com/images/M/MV5BNmJjZTQ1MGEtZWQ4MS00NzBlLWI1NWQtMzUyOTA3NGM4MDAzXkEyXkFqcGdeQXVyNDUyOTE0NzQ@._V1_UY209_CR25,0,140,209_AL_.jpg"
Jamie, Lee Curtis,"https://m.media-amazon.com/images/M/MV5BMjI0MTI0MDk2OV5BMl5BanBnXkFtZTgwODQ4MTE0NDE@._V1_UY209_CR8,0,140,209_AL_.jpg"
Kaley, Cuoco,"https://m.media-amazon.com/images/M/MV5BMjYyYmNlZTMtM2RlZC00YTlhLTk5YzItZTQ4OTA3Y2FkNzFlXkEyXkFqcGdeQXVyOTAzMjY1OTY@._V1_UY209_CR8,0,140,209_AL_.jpg"
Lukita, Maxwell,"https://m.media-amazon.com/images/M/MV5BZDNlZWM4YTEtNmJiMC00N2U3LWI2ODEtYThmMzY0YzQ0YWRjXkEyXkFqcGdeQXVyMjE1ODY3Ng@@._V1_UY209_CR0,0,140,209_AL_.jpg"
Olivia, Colman,"https://m.media-amazon.com/images/M/MV5BMTY4MzU2ODIzNl5BMl5BanBnXkFtZTgwMTM2OTA1NzM@._V1_UX140_CR0,0,140,209_AL_.jpg"
Julia, Roberts,"https://m.media-amazon.com/images/M/MV5BMTQzNjU3MDczN15BMl5BanBnXkFtZTYwNzY2Njc4._V1_UY209_CR0,0,140,209_AL_.jpg"
Milly, Alcock,"https://m.media-amazon.com/images/M/MV5BNmU5NjMyNWEtYTczYi00M2JkLWFkZjUtOTQzZGY2Y2RhMmU5XkEyXkFqcGdeQXVyNzU4NjkzNDc@._V1_UX140_CR0,0,140,209_AL_.jpg"
George, Clooney,"https://m.media-amazon.com/images/M/MV5BMjEyMTEyOTQ0MV5BMl5BanBnXkFtZTcwNzU3NTMzNw@@._V1_UY209_CR7,0,140,209_AL_.jpg"
Elizabeth, Mitchell,"https://m.media-amazon.com/images/M/MV5BMTY4OTk4NjE2N15BMl5BanBnXkFtZTgwNzMxODk1MzE@._V1_UY209_CR13,0,140,209_AL_.jpg"
Dylan, O'Brien,"https://m.media-amazon.com/images/M/MV5BNjY0NDE5MDQ5OF5BMl5BanBnXkFtZTcwMTI4MDQxOA@@._V1_UY209_CR10,0,140,209_AL_.jpg"
Letitia, Wright,"https://m.media-amazon.com/images/M/MV5BMjIyMzgxMzc5N15BMl5BanBnXkFtZTgwNDg3NzYzMDI@._V1_UY209_CR32,0,140,209_AL_.jpg"
Daisy, Edgar-Jones,"https://m.media-amazon.com/images/M/MV5BZWMzNTE4NTMtYWU0My00ZTQ5LWEyNmUtNjk4NmU0YjY3YmIzXkEyXkFqcGdeQXVyODU0OTkyNTk@._V1_UY209_CR13,0,140,209_AL_.jpg"
Joanne, Whalley,"https://m.media-amazon.com/images/M/MV5BMTkzNDYzMDYxMF5BMl5BanBnXkFtZTcwMDI0NDgyNw@@._V1_UX140_CR0,0,140,209_AL_.jpg"
Devan, Chandler Long,"https://m.media-amazon.com/images/M/MV5BOWE5YmZkZjctYWFlMy00MjJkLTljZDUtOThiM2M1ZWY0ZjFkXkEyXkFqcGdeQXVyMjQ1MzE3NjU@._V1_UY209_CR72,0,140,209_AL_.jpg"
Woody, Harrelson,"https://m.media-amazon.com/images/M/MV5BMTU3NDc2ODc4MF5BMl5BanBnXkFtZTcwODk2MzAyMg@@._V1_UY209_CR1,0,140,209_AL_.jpg"
Martin, McDonagh,"https://m.media-amazon.com/images/M/MV5BMTgxMTQ2Njc5NF5BMl5BanBnXkFtZTcwMDU2Mzc1MQ@@._V1_UY209_CR6,0,140,209_AL_.jpg"
Chloe, Sevigny,"https://m.media-amazon.com/images/M/MV5BOTk2OTVjYzMtODY2MS00ZDg3LTkzOWQtZGRmMjFjNGZkNmU5XkEyXkFqcGdeQXVyMjQ0OTM2MTA@._V1_UY209_CR8,0,140,209_AL_.jpg"
Lauren, Cohan,"https://m.media-amazon.com/images/M/MV5BMjA1MDg0MzgxOF5BMl5BanBnXkFtZTgwMzM5NDg1MzE@._V1_UY209_CR12,0,140,209_AL_.jpg"
Morena, Baccarin,"https://m.media-amazon.com/images/M/MV5BNmU5Yjk4OTItMjMzZS00MTYzLWI1ZDktYWM4YWM2NTM2YzMzXkEyXkFqcGdeQXVyMzY2OTA2MzM@._V1_UY209_CR8,0,140,209_AL_.jpg"
Jason, Momoa,"https://m.media-amazon.com/images/M/MV5BODJlNWQ4ZjUtYjRhNi00NGQ1LWE3YTItYjRmZGI3YzI4YTEyXkEyXkFqcGdeQXVyMTA2MDIzMDE5._V1_UY209_CR87,0,140,209_AL_.jpg"
Nicole, Kidman,"https://m.media-amazon.com/images/M/MV5BMTk1MjM5NDg4MF5BMl5BanBnXkFtZTcwNDg1OTQ4Nw@@._V1_UY209_CR7,0,140,209_AL_.jpg"
James, Hong,"https://m.media-amazon.com/images/M/MV5BMjM0MTQxOTA4MF5BMl5BanBnXkFtZTgwODE1OTcyMjE@._V1_UY209_CR87,0,140,209_AL_.jpg"
Rosamund, Pike,"https://m.media-amazon.com/images/M/MV5BNDQ5MDIyMjg3NV5BMl5BanBnXkFtZTgwOTU2NTE0NDM@._V1_UX140_CR0,0,140,209_AL_.jpg"
Hayley, Atwell,"https://m.media-amazon.com/images/M/MV5BZmRhZWVjZWMtMzUwZi00OTI3LThiMzAtY2VmMjU5YjQ0YjVjXkEyXkFqcGdeQXVyODMzMTM1MDc@._V1_UY209_CR11,0,140,209_AL_.jpg"
Jack, Lowden,"https://m.media-amazon.com/images/M/MV5BZTc4NzE3YWEtYmI4ZS00ZjU2LTgwMmItMDQ2ZTJkZmM4Nzk4XkEyXkFqcGdeQXVyMjYxMjExMDM@._V1_UY209_CR116,0,140,209_AL_.jpg"
Lea, Thompson,"https://m.media-amazon.com/images/M/MV5BNDk3NGRkN2QtMmRiMy00OGRlLTk1M2ItYTc5NTdlYmViNDQ5XkEyXkFqcGdeQXVyMjA3MjIzMDA@._V1_UX140_CR0,0,140,209_AL_.jpg"
Merle, Dandridge,"https://m.media-amazon.com/images/M/MV5BODE5YjA2NmMtYmE4Yy00NzYzLWE3MjItNmVlODVmMDdiMDZkXkEyXkFqcGdeQXVyMzg1MDA0OQ@@._V1_UY209_CR8,0,140,209_AL_.jpg"
Charlie, Murphy,"https://m.media-amazon.com/images/M/MV5BZTA4ODAyYzktZWU0Ni00MmVmLWJlNWQtN2Y1NzZkZDlhZGE4XkEyXkFqcGdeQXVyMjQwMDg0Ng@@._V1_UX140_CR0,0,140,209_AL_.jpg"
Halle, Bailey,"https://m.media-amazon.com/images/M/MV5BZjliMTQxZmEtYzhjNC00NzMyLTgyMzItYzE3YTU0MDVkOTUzXkEyXkFqcGdeQXVyNTUyNTQxNDc@._V1_UY209_CR26,0,140,209_AL_.jpg"
Gary, Oldman,"https://m.media-amazon.com/images/M/MV5BMTc3NTM4MzQ5MV5BMl5BanBnXkFtZTcwOTE4MDczNw@@._V1_UY209_CR1,0,140,209_AL_.jpg"
Samantha, Morton,"https://m.media-amazon.com/images/M/MV5BMTUwNjc2MTg3N15BMl5BanBnXkFtZTcwOTQzODI3MQ@@._V1_UY209_CR6,0,140,209_AL_.jpg"
Gal, Gadot,"https://m.media-amazon.com/images/M/MV5BNzgxYTA2OTUtYmE0ZC00ZTc0LWJjY2QtOTIzMTJhNGUyZjBlXkEyXkFqcGdeQXVyMTg4NDI0NDM@._V1_UY209_CR13,0,140,209_AL_.jpg"
Denise, Gough,"https://m.media-amazon.com/images/M/MV5BOTkzODdiZDktODJjMS00MDE5LTlhNTctOGE4MWIwYzZkNTk4XkEyXkFqcGdeQXVyODg4NTIyMDk@._V1_UY209_CR3,0,140,209_AL_.jpg"
Josh, Hartnett,"https://m.media-amazon.com/images/M/MV5BMTY5MDgzNDA2MF5BMl5BanBnXkFtZTcwODE3ODg1Mg@@._V1_UY209_CR0,0,140,209_AL_.jpg"
Yvonne, Strahovski,"https://m.media-amazon.com/images/M/MV5BZTQ4OTIzOWEtNTY1Ni00ODdmLWFmNGQtZWM5YTE4NjkzYjgzXkEyXkFqcGdeQXVyMTU3NDE3MDU@._V1_UY209_CR115,0,140,209_AL_.jpg"
Andrew, Buchan,"https://m.media-amazon.com/images/M/MV5BM2U5NmFiYTUtYTZlZi00NTkzLTg1OWItMjJmOTQyOTY1NmRjXkEyXkFqcGdeQXVyMTIwNTA0Mzc@._V1_UX140_CR0,0,140,209_AL_.jpg"
Vin, Diesel,"https://m.media-amazon.com/images/M/MV5BMjExNzA4MDYxN15BMl5BanBnXkFtZTcwOTI1MDAxOQ@@._V1_UY209_CR5,0,140,209_AL_.jpg"
Meghann, Fahy,"https://m.media-amazon.com/images/M/MV5BNDcyYTk4YzMtNGQ0MS00ZjAyLWEyNGMtMTJjYmQxMzQ4NGY5XkEyXkFqcGdeQXVyMTUyODYwNDE5._V1_UY209_CR13,0,140,209_AL_.jpg"
Charlie, Hunnam,"https://m.media-amazon.com/images/M/MV5BMjE5NjE5Mzk2MV5BMl5BanBnXkFtZTcwODI5MDE1Ng@@._V1_UY209_CR4,0,140,209_AL_.jpg"
Arnold, Schwarzenegger,"https://m.media-amazon.com/images/M/MV5BMTI3MDc4NzUyMV5BMl5BanBnXkFtZTcwMTQyMTc5MQ@@._V1_UY209_CR13,0,140,209_AL_.jpg"
Idris, Elba,"https://m.media-amazon.com/images/M/MV5BNzEzMTI2NjEyNF5BMl5BanBnXkFtZTcwNTA0OTE4OA@@._V1_UX140_CR0,0,140,209_AL_.jpg"
Jonathan, Roumie,"https://m.media-amazon.com/images/M/MV5BODRkYTQxYjItZWQ4Yy00ZmE1LWFlZDUtNDNkNzAyMDJhYWFjXkEyXkFqcGdeQXVyMjg3OTMyOA@@._V1_UY209_CR7,0,140,209_AL_.jpg"
Hayley, Orrantia,"https://m.media-amazon.com/images/M/MV5BYTlhMGYzODQtZjkwYS00ZTFmLWFiMTYtYzQwNDc2YTE5YjdiXkEyXkFqcGdeQXVyMTQ3Mzc0MzY1._V1_UY209_CR34,0,140,209_AL_.jpg"
Corey, Stoll,"https://m.media-amazon.com/images/M/MV5BNGQxN2I1OTEtYTgwYi00Zjg2LWE4MTAtNTJmZTdhMGYwZTBmXkEyXkFqcGdeQXVyNTE4NTQwMA@@._V1_UY209_CR12,0,140,209_AL_.jpg"
Hailee, Steinfeld,"https://m.media-amazon.com/images/M/MV5BMGFmZDVhZDUtZWIyNC00NzBjLTg0ZGEtY2FhMjJlZWJhZjBlXkEyXkFqcGdeQXVyMTcwNzE4OTI@._V1_UY209_CR34,0,140,209_AL_.jpg"
Amanda, Seyfried,"https://m.media-amazon.com/images/M/MV5BZjE2M2M3NDUtNDhhZC00MTU4LTg2NmUtYzZkZmYyYWFlY2U4XkEyXkFqcGdeQXVyMzQ0NTk5NzU@._V1_UY209_CR6,0,140,209_AL_.jpg"
Nicholas, Hoult,"https://m.media-amazon.com/images/M/MV5BMTUxMTYxNzMzNF5BMl5BanBnXkFtZTcwMTU0NTcxOQ@@._V1_UY209_CR3,0,140,209_AL_.jpg"
Jack, Nicholson,"https://m.media-amazon.com/images/M/MV5BMTQ3OTY0ODk0M15BMl5BanBnXkFtZTYwNzE4Njc4._V1_UY209_CR5,0,140,209_AL_.jpg"
Polly, Draper,"https://m.media-amazon.com/images/M/MV5BMTM1MTM4NzA4NV5BMl5BanBnXkFtZTYwNjY4OTAz._V1_UY209_CR52,0,140,209_AL_.jpg"
Alan, Ritchson,"https://m.media-amazon.com/images/M/MV5BMGI4Y2QzZWEtYmYwMC00MTc1LWI1ZjEtYjMzNzA4MDQ2Yjk0XkEyXkFqcGdeQXVyNzY1NTEzMw@@._V1_UY209_CR87,0,140,209_AL_.jpg"
John, Krasinski,"https://m.media-amazon.com/images/M/MV5BMTc3MzY3MjQ3OV5BMl5BanBnXkFtZTcwODI3NjQxMw@@._V1_UY209_CR5,0,140,209_AL_.jpg"
Josh, Duhamel,"https://m.media-amazon.com/images/M/MV5BMjE3MDUyNjM1N15BMl5BanBnXkFtZTcwMDc3NDY2Mg@@._V1_UY209_CR6,0,140,209_AL_.jpg"
Paul, Dano,"https://m.media-amazon.com/images/M/MV5BMjMwMzE1OTc0OF5BMl5BanBnXkFtZTcwMDU2NTg0Nw@@._V1_UY209_CR5,0,140,209_AL_.jpg"
Adrien, Brody,"https://m.media-amazon.com/images/M/MV5BMjI3ODkxMjU3OF5BMl5BanBnXkFtZTgwMTk2Njk3MTE@._V1_UX140_CR0,0,140,209_AL_.jpg"
Blake, Lively,"https://m.media-amazon.com/images/M/MV5BMTU2Njk0NTUyNl5BMl5BanBnXkFtZTcwODE0OTgyNw@@._V1_UY209_CR9,0,140,209_AL_.jpg"
Michael, Stuhlbarg,"https://m.media-amazon.com/images/M/MV5BNjdjNTlhZjUtODA0MC00Mjc3LWExNmMtZDc5ZmI0ZmNlZWZmXkEyXkFqcGdeQXVyMjQwMDg0Ng@@._V1_UX140_CR0,0,140,209_AL_.jpg"
Jason, Bateman,"https://m.media-amazon.com/images/M/MV5BMTMwOTQ0MDUyNF5BMl5BanBnXkFtZTcwNTQ1MzY1Mw@@._V1_UY209_CR12,0,140,209_AL_.jpg"
Jennifer, Lopez,"https://m.media-amazon.com/images/M/MV5BMTY0OTY3ODA3OV5BMl5BanBnXkFtZTcwMzMyMzQ1NQ@@._V1_UY209_CR21,0,140,209_AL_.jpg"
Peter, Stormare,"https://m.media-amazon.com/images/M/MV5BOTUyMDQ0MTEyNF5BMl5BanBnXkFtZTYwNDYxMDkz._V1_UY209_CR4,0,140,209_AL_.jpg"
Kristen, Bell,"https://m.media-amazon.com/images/M/MV5BMjA1Njc0MTUzN15BMl5BanBnXkFtZTgwNTg1MjEwNDI@._V1_UX140_CR0,0,140,209_AL_.jpg"
Shantel, VanSanten,"https://m.media-amazon.com/images/M/MV5BNTQxNWNiNzgtYjAzNy00MmM3LTgzNTUtYWE2NTMxOWQ0MTBlXkEyXkFqcGdeQXVyMTQxMTcxNzc@._V1_UX140_CR0,0,140,209_AL_.jpg"
Abigail, Breslin,"https://m.media-amazon.com/images/M/MV5BMzU5MTA5MzYzOF5BMl5BanBnXkFtZTcwODc4OTIxNw@@._V1_UY209_CR3,0,140,209_AL_.jpg"
Lamar, Johnson,"https://m.media-amazon.com/images/M/MV5BMDcwNWZiYzAtMjNhYi00ZGEzLWI4ZGMtN2E1NTlkMWZjNTFiXkEyXkFqcGdeQXVyMTUzMTg2ODkz._V1_UX140_CR0,0,140,209_AL_.jpg"
Sarah, Michelle Gellar,"https://m.media-amazon.com/images/M/MV5BNzA5MDA4MTEwOV5BMl5BanBnXkFtZTcwNzY2MjcyNw@@._V1_UX140_CR0,0,140,209_AL_.jpg"
David, Fincher,"https://m.media-amazon.com/images/M/MV5BMTc1NDkwMTQ2MF5BMl5BanBnXkFtZTcwMzY0ODkyMg@@._V1_UX140_CR0,0,140,209_AL_.jpg"
Carey, Mulligan,"https://m.media-amazon.com/images/M/MV5BNjQ1NGM2ODUtODc3Ny00ZjdhLTljNzEtMmY2M2M2MDY2Y2IzXkEyXkFqcGdeQXVyNzg5MzIyOA@@._V1_UX140_CR0,0,140,209_AL_.jpg"
Sheila, Carrasco,"https://m.media-amazon.com/images/M/MV5BNzJkNWRmZWUtMTAzNi00MTZlLWJhYTctM2M1MzQ3ZWIzMGQ5XkEyXkFqcGdeQXVyMjU3MzU1MDQ@._V1_UY209_CR87,0,140,209_AL_.jpg"
Patrick, Stewart,"https://m.media-amazon.com/images/M/MV5BMTc0MzU5ODQ5OF5BMl5BanBnXkFtZTYwODIwODk1._V1_UY209_CR3,0,140,209_AL_.jpg"
Jonah, Hauer-King,"https://m.media-amazon.com/images/M/MV5BZjdhNzg5ZjYtY2M1Mi00OTk1LWFhNDQtOWJjNGU1Nzg2MGIzXkEyXkFqcGdeQXVyMDM2NDM2MQ@@._V1_UX140_CR0,0,140,209_AL_.jpg"
Oscar, Isaac,"https://m.media-amazon.com/images/M/MV5BMTQ2ODE2NDQ5OF5BMl5BanBnXkFtZTcwOTU3OTM1OQ@@._V1_UY209_CR4,0,140,209_AL_.jpg"
Amber, Heard,"https://m.media-amazon.com/images/M/MV5BMjA4NDkyODA3M15BMl5BanBnXkFtZTgwMzUzMjYzNzM@._V1_UY209_CR34,0,140,209_AL_.jpg"
Helena, Bonham Carter,"https://m.media-amazon.com/images/M/MV5BMTUzMzUzMDg5MV5BMl5BanBnXkFtZTcwMDA5NDMwNA@@._V1_UY209_CR3,0,140,209_AL_.jpg"
Alicia, Silverstone,"https://m.media-amazon.com/images/M/MV5BZDI5ODc5NzItNTJhYS00YWRkLTljMGMtYTM4YTgzMWY5MzYzXkEyXkFqcGdeQXVyMTEzNjc3MDQ5._V1_UY209_CR9,0,140,209_AL_.jpg"
Hero, Fiennes Tiffin,"https://m.media-amazon.com/images/M/MV5BMzljM2IzYTUtNGJmYy00YmIzLTk1ZTgtM2MyNzM3ZmQ3OTM5XkEyXkFqcGdeQXVyNzI1NzMxNzM@._V1_UX140_CR0,0,140,209_AL_.jpg"
Rita, Moreno,"https://m.media-amazon.com/images/M/MV5BMTkyMzI4ODExM15BMl5BanBnXkFtZTcwNjkzNDEzNw@@._V1_UX140_CR0,0,140,209_AL_.jpg"
Jen, Landon,"https://m.media-amazon.com/images/M/MV5BMDc2YzI1MDMtODZjNS00YWUxLWI3NjEtM2JmODczNmNlMTg1XkEyXkFqcGdeQXVyMTA2MDIzMDE5._V1_UX140_CR0,0,140,209_AL_.jpg"
Caroline, Ford,"https://m.media-amazon.com/images/M/MV5BZDg3N2ZlODctMDA2Mi00M2JjLTlhYzktODQzMGM4YzUxM2Y0XkEyXkFqcGdeQXVyMjQwMDg0Ng@@._V1_UY209_CR5,0,140,209_AL_.jpg"
Chris, Evans,"https://m.media-amazon.com/images/M/MV5BMTU2NTg1OTQzMF5BMl5BanBnXkFtZTcwNjIyMjkyMg@@._V1_UY209_CR4,0,140,209_AL_.jpg"
Wes, Bentley,"https://m.media-amazon.com/images/M/MV5BOTgyOTY5OTA5OF5BMl5BanBnXkFtZTcwNzM1MjM1Nw@@._V1_UY209_CR0,0,140,209_AL_.jpg"
Hugh, Jackman,"https://m.media-amazon.com/images/M/MV5BNDExMzIzNjk3Nl5BMl5BanBnXkFtZTcwOTE4NDU5OA@@._V1_UX140_CR0,0,140,209_AL_.jpg"
Nick, Nolte,"https://m.media-amazon.com/images/M/MV5BMTU1ODAzMDk3Ml5BMl5BanBnXkFtZTYwOTEzMzE0._V1_UY209_CR1,0,140,209_AL_.jpg"
Danai, Gurira,"https://m.media-amazon.com/images/M/MV5BNjYyNjg1OTU1M15BMl5BanBnXkFtZTgwNzYyNTkzMDI@._V1_UX140_CR0,0,140,209_AL_.jpg"
Sally, Field,"https://m.media-amazon.com/images/M/MV5BMTQwOTMyMDI4MV5BMl5BanBnXkFtZTcwMDYzMTM5OA@@._V1_UY209_CR6,0,140,209_AL_.jpg"
Gina, Carano,"https://m.media-amazon.com/images/M/MV5BODBlMWE0NjctY2EwNC00ZTljLTk4NzQtODM4NDNkZjk2ZGRlXkEyXkFqcGdeQXVyMTk0NDU0OTc@._V1_UY209_CR23,0,140,209_AL_.jpg"
Jena, Malone,"https://m.media-amazon.com/images/M/MV5BMTU0NDM5OTE0N15BMl5BanBnXkFtZTcwMzMzNjM0Nw@@._V1_UY209_CR15,0,140,209_AL_.jpg"
Lilli, Kay,"https://m.media-amazon.com/images/M/MV5BMGE3ZGZhY2MtYzFkMi00YzcyLThmMTYtZjI3NGFhYjVmMWE3XkEyXkFqcGdeQXVyNzIwMDc2NjE@._V1_UY209_CR41,0,140,209_AL_.jpg"