First Name,Last Name,White,Black,Asian,Other,Highest Prob. Score,Filler,Image
Pedro, Pascal,,,,,,,C:\Users\2alex\OneDrive\Documents\GitHub\Ethnicity-Inference-2022\ImDB Webcrawling\ImDB Photos/Pedro_ Pascal.jpg
Bella, Ramsey,,,,,,,C:\Users\2alex\OneDrive\Documents\GitHub\Ethnicity-Inference-2022\ImDB Webcrawling\ImDB Photos/Bella_ Ramsey.jpg
Matilda, De Angelis,,,,,,,C:\Users\2alex\OneDrive\Documents\GitHub\Ethnicity-Inference-2022\ImDB Webcrawling\ImDB Photos/Matilda_ De Angelis.jpg
Rutina, Wesley,,,,,,,C:\Users\2alex\OneDrive\Documents\GitHub\Ethnicity-Inference-2022\ImDB Webcrawling\ImDB Photos/Rutina_ Wesley.jpg
Kathryn, Newton,,,,,,,C:\Users\2alex\OneDrive\Documents\GitHub\Ethnicity-Inference-2022\ImDB Webcrawling\ImDB Photos/Kathryn_ Newton.jpg
Jonathan, Majors,,,,,,,C:\Users\2alex\OneDrive\Documents\GitHub\Ethnicity-Inference-2022\ImDB Webcrawling\ImDB Photos/Jonathan_ Majors.jpg
Richard, Belzer,,,,,,,C:\Users\2alex\OneDrive\Documents\GitHub\Ethnicity-Inference-2022\ImDB Webcrawling\ImDB Photos/Richard_ Belzer.jpg
Annie, Wersching,,,,,,,C:\Users\2alex\OneDrive\Documents\GitHub\Ethnicity-Inference-2022\ImDB Webcrawling\ImDB Photos/Annie_ Wersching.jpg
Evangeline, Lilly,,,,,,,C:\Users\2alex\OneDrive\Documents\GitHub\Ethnicity-Inference-2022\ImDB Webcrawling\ImDB Photos/Evangeline_ Lilly.jpg
Katy ,M. O'Brian,,,,,,,C:\Users\2alex\OneDrive\Documents\GitHub\Ethnicity-Inference-2022\ImDB Webcrawling\ImDB Photos/Katy _M. O'Brian.jpg
Madelyn, Cline,,,,,,,C:\Users\2alex\OneDrive\Documents\GitHub\Ethnicity-Inference-2022\ImDB Webcrawling\ImDB Photos/Madelyn_ Cline.jpg
Anna, Torv,,,,,,,C:\Users\2alex\OneDrive\Documents\GitHub\Ethnicity-Inference-2022\ImDB Webcrawling\ImDB Photos/Anna_ Torv.jpg
Brendan, Fraser,,,,,,,C:\Users\2alex\OneDrive\Documents\GitHub\Ethnicity-Inference-2022\ImDB Webcrawling\ImDB Photos/Brendan_ Fraser.jpg
Natasha, Lyonne,,,,,,,C:\Users\2alex\OneDrive\Documents\GitHub\Ethnicity-Inference-2022\ImDB Webcrawling\ImDB Photos/Natasha_ Lyonne.jpg
Melanie, Lynskey,,,,,,,C:\Users\2alex\OneDrive\Documents\GitHub\Ethnicity-Inference-2022\ImDB Webcrawling\ImDB Photos/Melanie_ Lynskey.jpg
Cara, Delevingne,,,,,,,C:\Users\2alex\OneDrive\Documents\GitHub\Ethnicity-Inference-2022\ImDB Webcrawling\ImDB Photos/Cara_ Delevingne.jpg
Alexandra, Daddario,,,,,,,C:\Users\2alex\OneDrive\Documents\GitHub\Ethnicity-Inference-2022\ImDB Webcrawling\ImDB Photos/Alexandra_ Daddario.jpg
Jansen, Panettiere,,,,,,,C:\Users\2alex\OneDrive\Documents\GitHub\Ethnicity-Inference-2022\ImDB Webcrawling\ImDB Photos/Jansen_ Panettiere.jpg
Elizabeth, Banks,,,,,,,C:\Users\2alex\OneDrive\Documents\GitHub\Ethnicity-Inference-2022\ImDB Webcrawling\ImDB Photos/Elizabeth_ Banks.jpg
Stella, Stevens,,,,,,,C:\Users\2alex\OneDrive\Documents\GitHub\Ethnicity-Inference-2022\ImDB Webcrawling\ImDB Photos/Stella_ Stevens.jpg
Mia, Goth,,,,,,,C:\Users\2alex\OneDrive\Documents\GitHub\Ethnicity-Inference-2022\ImDB Webcrawling\ImDB Photos/Mia_ Goth.jpg
Nico, Parker,,,,,,,C:\Users\2alex\OneDrive\Documents\GitHub\Ethnicity-Inference-2022\ImDB Webcrawling\ImDB Photos/Nico_ Parker.jpg
Jeri, Ryan,,,,,,,C:\Users\2alex\OneDrive\Documents\GitHub\Ethnicity-Inference-2022\ImDB Webcrawling\ImDB Photos/Jeri_ Ryan.jpg
Raquel, Welch,,,,,,,C:\Users\2alex\OneDrive\Documents\GitHub\Ethnicity-Inference-2022\ImDB Webcrawling\ImDB Photos/Raquel_ Welch.jpg
Alison, Brie,,,,,,,C:\Users\2alex\OneDrive\Documents\GitHub\Ethnicity-Inference-2022\ImDB Webcrawling\ImDB Photos/Alison_ Brie.jpg
Tom, Sizemore,,,,,,,C:\Users\2alex\OneDrive\Documents\GitHub\Ethnicity-Inference-2022\ImDB Webcrawling\ImDB Photos/Tom_ Sizemore.jpg
Brandon, Sklenar,,,,,,,C:\Users\2alex\OneDrive\Documents\GitHub\Ethnicity-Inference-2022\ImDB Webcrawling\ImDB Photos/Brandon_ Sklenar.jpg
Charlotte, Ritchie,,,,,,,C:\Users\2alex\OneDrive\Documents\GitHub\Ethnicity-Inference-2022\ImDB Webcrawling\ImDB Photos/Charlotte_ Ritchie.jpg
Jennifer Love, Hewitt,,,,,,,C:\Users\2alex\OneDrive\Documents\GitHub\Ethnicity-Inference-2022\ImDB Webcrawling\ImDB Photos/Jennifer Love_ Hewitt.jpg
Ashley, Johnson,,,,,,,C:\Users\2alex\OneDrive\Documents\GitHub\Ethnicity-Inference-2022\ImDB Webcrawling\ImDB Photos/Ashley_ Johnson.jpg
Austin, Butler,,,,,,,C:\Users\2alex\OneDrive\Documents\GitHub\Ethnicity-Inference-2022\ImDB Webcrawling\ImDB Photos/Austin_ Butler.jpg
Cole, Hauser,,,,,,,C:\Users\2alex\OneDrive\Documents\GitHub\Ethnicity-Inference-2022\ImDB Webcrawling\ImDB Photos/Cole_ Hauser.jpg
Tom, Cruise,,,,,,,C:\Users\2alex\OneDrive\Documents\GitHub\Ethnicity-Inference-2022\ImDB Webcrawling\ImDB Photos/Tom_ Cruise.jpg
Isabel, May,,,,,,,C:\Users\2alex\OneDrive\Documents\GitHub\Ethnicity-Inference-2022\ImDB Webcrawling\ImDB Photos/Isabel_ May.jpg
Christa, Miller,,,,,,,C:\Users\2alex\OneDrive\Documents\GitHub\Ethnicity-Inference-2022\ImDB Webcrawling\ImDB Photos/Christa_ Miller.jpg
Alexander, Skarsgard,,,,,,,C:\Users\2alex\OneDrive\Documents\GitHub\Ethnicity-Inference-2022\ImDB Webcrawling\ImDB Photos/Alexander_ Skarsgard.jpg
Paulina, Gaitan,,,,,,,C:\Users\2alex\OneDrive\Documents\GitHub\Ethnicity-Inference-2022\ImDB Webcrawling\ImDB Photos/Paulina_ Gaitan.jpg
Margot, Robbie,,,,,,,C:\Users\2alex\OneDrive\Documents\GitHub\Ethnicity-Inference-2022\ImDB Webcrawling\ImDB Photos/Margot_ Robbie.jpg
Anya, Taylor-Joy,,,,,,,C:\Users\2alex\OneDrive\Documents\GitHub\Ethnicity-Inference-2022\ImDB Webcrawling\ImDB Photos/Anya_ Taylor-Joy.jpg
Paul, Rudd,,,,,,,C:\Users\2alex\OneDrive\Documents\GitHub\Ethnicity-Inference-2022\ImDB Webcrawling\ImDB Photos/Paul_ Rudd.jpg
Michelle, Pfeiffer,,,,,,,C:\Users\2alex\OneDrive\Documents\GitHub\Ethnicity-Inference-2022\ImDB Webcrawling\ImDB Photos/Michelle_ Pfeiffer.jpg
Julia, Schlaepfer,,,,,,,C:\Users\2alex\OneDrive\Documents\GitHub\Ethnicity-Inference-2022\ImDB Webcrawling\ImDB Photos/Julia_ Schlaepfer.jpg
Catherine, Haena Kim,,,,,,,C:\Users\2alex\OneDrive\Documents\GitHub\Ethnicity-Inference-2022\ImDB Webcrawling\ImDB Photos/Catherine_ Haena Kim.jpg
Emily, Blunt,,,,,,,C:\Users\2alex\OneDrive\Documents\GitHub\Ethnicity-Inference-2022\ImDB Webcrawling\ImDB Photos/Emily_ Blunt.jpg
Gabriel, Luna,,,,,,,C:\Users\2alex\OneDrive\Documents\GitHub\Ethnicity-Inference-2022\ImDB Webcrawling\ImDB Photos/Gabriel_ Luna.jpg
Bridget, Regan,,,,,,,C:\Users\2alex\OneDrive\Documents\GitHub\Ethnicity-Inference-2022\ImDB Webcrawling\ImDB Photos/Bridget_ Regan.jpg
Joey, King,,,,,,,C:\Users\2alex\OneDrive\Documents\GitHub\Ethnicity-Inference-2022\ImDB Webcrawling\ImDB Photos/Joey_ King.jpg
Bruce, Willis,,,,,,,C:\Users\2alex\OneDrive\Documents\GitHub\Ethnicity-Inference-2022\ImDB Webcrawling\ImDB Photos/Bruce_ Willis.jpg
Kelly, Reilly,,,,,,,C:\Users\2alex\OneDrive\Documents\GitHub\Ethnicity-Inference-2022\ImDB Webcrawling\ImDB Photos/Kelly_ Reilly.jpg
Milo, Ventimiglia,,,,,,,C:\Users\2alex\OneDrive\Documents\GitHub\Ethnicity-Inference-2022\ImDB Webcrawling\ImDB Photos/Milo_ Ventimiglia.jpg
Dichen, Lachman,,,,,,,C:\Users\2alex\OneDrive\Documents\GitHub\Ethnicity-Inference-2022\ImDB Webcrawling\ImDB Photos/Dichen_ Lachman.jpg
Brad, Pitt,,,,,,,C:\Users\2alex\OneDrive\Documents\GitHub\Ethnicity-Inference-2022\ImDB Webcrawling\ImDB Photos/Brad_ Pitt.jpg
Graham, Greene,,,,,,,C:\Users\2alex\OneDrive\Documents\GitHub\Ethnicity-Inference-2022\ImDB Webcrawling\ImDB Photos/Graham_ Greene.jpg
Ashley, Greene,,,,,,,C:\Users\2alex\OneDrive\Documents\GitHub\Ethnicity-Inference-2022\ImDB Webcrawling\ImDB Photos/Ashley_ Greene.jpg
Murray, Bartlett,,,,,,,C:\Users\2alex\OneDrive\Documents\GitHub\Ethnicity-Inference-2022\ImDB Webcrawling\ImDB Photos/Murray_ Bartlett.jpg
Billy, Crudup,,,,,,,C:\Users\2alex\OneDrive\Documents\GitHub\Ethnicity-Inference-2022\ImDB Webcrawling\ImDB Photos/Billy_ Crudup.jpg
Leonardo, DiCaprio,,,,,,,C:\Users\2alex\OneDrive\Documents\GitHub\Ethnicity-Inference-2022\ImDB Webcrawling\ImDB Photos/Leonardo_ DiCaprio.jpg
Ashton, Kutcher,,,,,,,C:\Users\2alex\OneDrive\Documents\GitHub\Ethnicity-Inference-2022\ImDB Webcrawling\ImDB Photos/Ashton_ Kutcher.jpg
Samara, Weaving,,,,,,,C:\Users\2alex\OneDrive\Documents\GitHub\Ethnicity-Inference-2022\ImDB Webcrawling\ImDB Photos/Samara_ Weaving.jpg
Steven, Spielberg,,,,,,,C:\Users\2alex\OneDrive\Documents\GitHub\Ethnicity-Inference-2022\ImDB Webcrawling\ImDB Photos/Steven_ Spielberg.jpg
Amanda, Plummer,,,,,,,C:\Users\2alex\OneDrive\Documents\GitHub\Ethnicity-Inference-2022\ImDB Webcrawling\ImDB Photos/Amanda_ Plummer.jpg
Cate, Blanchett,,,,,,,C:\Users\2alex\OneDrive\Documents\GitHub\Ethnicity-Inference-2022\ImDB Webcrawling\ImDB Photos/Cate_ Blanchett.jpg
Aubrey, Plaza,,,,,,,C:\Users\2alex\OneDrive\Documents\GitHub\Ethnicity-Inference-2022\ImDB Webcrawling\ImDB Photos/Aubrey_ Plaza.jpg
Harrison, Ford,,,,,,,C:\Users\2alex\OneDrive\Documents\GitHub\Ethnicity-Inference-2022\ImDB Webcrawling\ImDB Photos/Harrison_ Ford.jpg
Nicolas, Cage,,,,,,,C:\Users\2alex\OneDrive\Documents\GitHub\Ethnicity-Inference-2022\ImDB Webcrawling\ImDB Photos/Nicolas_ Cage.jpg
Ana, de Armas,,,,,,,C:\Users\2alex\OneDrive\Documents\GitHub\Ethnicity-Inference-2022\ImDB Webcrawling\ImDB Photos/Ana_ de Armas.jpg
Reese, Witherspoon,,,,,,,C:\Users\2alex\OneDrive\Documents\GitHub\Ethnicity-Inference-2022\ImDB Webcrawling\ImDB Photos/Reese_ Witherspoon.jpg
Lizzy, Caplan,,,,,,,C:\Users\2alex\OneDrive\Documents\GitHub\Ethnicity-Inference-2022\ImDB Webcrawling\ImDB Photos/Lizzy_ Caplan.jpg
Lashana, Lynch,,,,,,,C:\Users\2alex\OneDrive\Documents\GitHub\Ethnicity-Inference-2022\ImDB Webcrawling\ImDB Photos/Lashana_ Lynch.jpg
Victoria, Pedretti,,,,,,,C:\Users\2alex\OneDrive\Documents\GitHub\Ethnicity-Inference-2022\ImDB Webcrawling\ImDB Photos/Victoria_ Pedretti.jpg
Thuso, Mbedu,,,,,,,C:\Users\2alex\OneDrive\Documents\GitHub\Ethnicity-Inference-2022\ImDB Webcrawling\ImDB Photos/Thuso_ Mbedu.jpg
Lukas, Gage,,,,,,,C:\Users\2alex\OneDrive\Documents\GitHub\Ethnicity-Inference-2022\ImDB Webcrawling\ImDB Photos/Lukas_ Gage.jpg
M., Night Shyamalan,,,,,,,C:\Users\2alex\OneDrive\Documents\GitHub\Ethnicity-Inference-2022\ImDB Webcrawling\ImDB Photos/M._ Night Shyamalan.jpg
Penn, Badgley,,,,,,,C:\Users\2alex\OneDrive\Documents\GitHub\Ethnicity-Inference-2022\ImDB Webcrawling\ImDB Photos/Penn_ Badgley.jpg
Sadie, Sink,,,,,,,C:\Users\2alex\OneDrive\Documents\GitHub\Ethnicity-Inference-2022\ImDB Webcrawling\ImDB Photos/Sadie_ Sink.jpg
Jennifer, Connelly,,,,,,,C:\Users\2alex\OneDrive\Documents\GitHub\Ethnicity-Inference-2022\ImDB Webcrawling\ImDB Photos/Jennifer_ Connelly.jpg
Michelle, Yeoh,,,,,,,C:\Users\2alex\OneDrive\Documents\GitHub\Ethnicity-Inference-2022\ImDB Webcrawling\ImDB Photos/Michelle_ Yeoh.jpg
Colin, Farrell,,,,,,,C:\Users\2alex\OneDrive\Documents\GitHub\Ethnicity-Inference-2022\ImDB Webcrawling\ImDB Photos/Colin_ Farrell.jpg
Tom, Hanks,,,,,,,C:\Users\2alex\OneDrive\Documents\GitHub\Ethnicity-Inference-2022\ImDB Webcrawling\ImDB Photos/Tom_ Hanks.jpg
Henry, Cavill,,,,,,,C:\Users\2alex\OneDrive\Documents\GitHub\Ethnicity-Inference-2022\ImDB Webcrawling\ImDB Photos/Henry_ Cavill.jpg
Miles, Teller,,,,,,,C:\Users\2alex\OneDrive\Documents\GitHub\Ethnicity-Inference-2022\ImDB Webcrawling\ImDB Photos/Miles_ Teller.jpg
Ray, Liotta,,,,,,,C:\Users\2alex\OneDrive\Documents\GitHub\Ethnicity-Inference-2022\ImDB Webcrawling\ImDB Photos/Ray_ Liotta.jpg
Keanu, Reeves,,,,,,,C:\Users\2alex\OneDrive\Documents\GitHub\Ethnicity-Inference-2022\ImDB Webcrawling\ImDB Photos/Keanu_ Reeves.jpg
Zoe, Chao,,,,,,,C:\Users\2alex\OneDrive\Documents\GitHub\Ethnicity-Inference-2022\ImDB Webcrawling\ImDB Photos/Zoe_ Chao.jpg
Sylvester, Stallone,,,,,,,C:\Users\2alex\OneDrive\Documents\GitHub\Ethnicity-Inference-2022\ImDB Webcrawling\ImDB Photos/Sylvester_ Stallone.jpg
Lily, James,,,,,,,C:\Users\2alex\OneDrive\Documents\GitHub\Ethnicity-Inference-2022\ImDB Webcrawling\ImDB Photos/Lily_ James.jpg
Jennifer, Coolidge,,,,,,,C:\Users\2alex\OneDrive\Documents\GitHub\Ethnicity-Inference-2022\ImDB Webcrawling\ImDB Photos/Jennifer_ Coolidge.jpg
Chase, Stokes,,,,,,,C:\Users\2alex\OneDrive\Documents\GitHub\Ethnicity-Inference-2022\ImDB Webcrawling\ImDB Photos/Chase_ Stokes.jpg
Hong, Chau,,,,,,,C:\Users\2alex\OneDrive\Documents\GitHub\Ethnicity-Inference-2022\ImDB Webcrawling\ImDB Photos/Hong_ Chau.jpg
Elizabeth, Lail,,,,,,,C:\Users\2alex\OneDrive\Documents\GitHub\Ethnicity-Inference-2022\ImDB Webcrawling\ImDB Photos/Elizabeth_ Lail.jpg
Sebastian, Stan,,,,,,,C:\Users\2alex\OneDrive\Documents\GitHub\Ethnicity-Inference-2022\ImDB Webcrawling\ImDB Photos/Sebastian_ Stan.jpg
Jennifer, Lawrence,,,,,,,C:\Users\2alex\OneDrive\Documents\GitHub\Ethnicity-Inference-2022\ImDB Webcrawling\ImDB Photos/Jennifer_ Lawrence.jpg
Sophie, Turner,,,,,,,C:\Users\2alex\OneDrive\Documents\GitHub\Ethnicity-Inference-2022\ImDB Webcrawling\ImDB Photos/Sophie_ Turner.jpg
Riley, Keough,,,,,,,C:\Users\2alex\OneDrive\Documents\GitHub\Ethnicity-Inference-2022\ImDB Webcrawling\ImDB Photos/Riley_ Keough.jpg
Jeffrey, Pierce,,,,,,,C:\Users\2alex\OneDrive\Documents\GitHub\Ethnicity-Inference-2022\ImDB Webcrawling\ImDB Photos/Jeffrey_ Pierce.jpg
Emma, Watson,,,,,,,C:\Users\2alex\OneDrive\Documents\GitHub\Ethnicity-Inference-2022\ImDB Webcrawling\ImDB Photos/Emma_ Watson.jpg
Victoria, Justice,,,,,,,C:\Users\2alex\OneDrive\Documents\GitHub\Ethnicity-Inference-2022\ImDB Webcrawling\ImDB Photos/Victoria_ Justice.jpg
Christian, Bale,,,,,,,C:\Users\2alex\OneDrive\Documents\GitHub\Ethnicity-Inference-2022\ImDB Webcrawling\ImDB Photos/Christian_ Bale.jpg
Sofia, Boutella,,,,,,,C:\Users\2alex\OneDrive\Documents\GitHub\Ethnicity-Inference-2022\ImDB Webcrawling\ImDB Photos/Sofia_ Boutella.jpg
Dakota, Fanning,,,,,,,C:\Users\2alex\OneDrive\Documents\GitHub\Ethnicity-Inference-2022\ImDB Webcrawling\ImDB Photos/Dakota_ Fanning.jpg
Haley, Lu Richardson,,,,,,,C:\Users\2alex\OneDrive\Documents\GitHub\Ethnicity-Inference-2022\ImDB Webcrawling\ImDB Photos/Haley_ Lu Richardson.jpg
Stefanie, Martini,,,,,,,C:\Users\2alex\OneDrive\Documents\GitHub\Ethnicity-Inference-2022\ImDB Webcrawling\ImDB Photos/Stefanie_ Martini.jpg
Emma, Mackey,,,,,,,C:\Users\2alex\OneDrive\Documents\GitHub\Ethnicity-Inference-2022\ImDB Webcrawling\ImDB Photos/Emma_ Mackey.jpg
Mï¿½lanie, Laurent,,,,,,,C:\Users\2alex\OneDrive\Documents\GitHub\Ethnicity-Inference-2022\ImDB Webcrawling\ImDB Photos\Melanie_ Laurent.jpg
Christoph, Waltz,,,,,,,C:\Users\2alex\OneDrive\Documents\GitHub\Ethnicity-Inference-2022\ImDB Webcrawling\ImDB Photos/Christoph_ Waltz.jpg
Sosie, Bacon,,,,,,,C:\Users\2alex\OneDrive\Documents\GitHub\Ethnicity-Inference-2022\ImDB Webcrawling\ImDB Photos/Sosie_ Bacon.jpg
Scout, Taylor-Compton,,,,,,,C:\Users\2alex\OneDrive\Documents\GitHub\Ethnicity-Inference-2022\ImDB Webcrawling\ImDB Photos/Scout_ Taylor-Compton.jpg
Michael, B. Jordan,,,,,,,C:\Users\2alex\OneDrive\Documents\GitHub\Ethnicity-Inference-2022\ImDB Webcrawling\ImDB Photos/Michael_ B. Jordan.jpg
Todd, Stashwick,,,,,,,C:\Users\2alex\OneDrive\Documents\GitHub\Ethnicity-Inference-2022\ImDB Webcrawling\ImDB Photos/Todd_ Stashwick.jpg
Hayden, Panettiere,,,,,,,C:\Users\2alex\OneDrive\Documents\GitHub\Ethnicity-Inference-2022\ImDB Webcrawling\ImDB Photos/Hayden_ Panettiere.jpg
Cherry, Jones,,,,,,,C:\Users\2alex\OneDrive\Documents\GitHub\Ethnicity-Inference-2022\ImDB Webcrawling\ImDB Photos/Cherry_ Jones.jpg
Gerard, Butler,,,,,,,C:\Users\2alex\OneDrive\Documents\GitHub\Ethnicity-Inference-2022\ImDB Webcrawling\ImDB Photos/Gerard_ Butler.jpg
Jesse, Williams,,,,,,,C:\Users\2alex\OneDrive\Documents\GitHub\Ethnicity-Inference-2022\ImDB Webcrawling\ImDB Photos/Jesse_ Williams.jpg
Jessica, Williams,,,,,,,C:\Users\2alex\OneDrive\Documents\GitHub\Ethnicity-Inference-2022\ImDB Webcrawling\ImDB Photos/Jessica_ Williams.jpg
Ellen, Barkin,,,,,,,C:\Users\2alex\OneDrive\Documents\GitHub\Ethnicity-Inference-2022\ImDB Webcrawling\ImDB Photos/Ellen_ Barkin.jpg
Daniel, Radcliffe,,,,,,,C:\Users\2alex\OneDrive\Documents\GitHub\Ethnicity-Inference-2022\ImDB Webcrawling\ImDB Photos/Daniel_ Radcliffe.jpg
Harry, Melling,,,,,,,C:\Users\2alex\OneDrive\Documents\GitHub\Ethnicity-Inference-2022\ImDB Webcrawling\ImDB Photos/Harry_ Melling.jpg
Dwayne, Johnson,,,,,,,C:\Users\2alex\OneDrive\Documents\GitHub\Ethnicity-Inference-2022\ImDB Webcrawling\ImDB Photos/Dwayne_ Johnson.jpg
Hannah, John-Kamen,,,,,,,C:\Users\2alex\OneDrive\Documents\GitHub\Ethnicity-Inference-2022\ImDB Webcrawling\ImDB Photos/Hannah_ John-Kamen.jpg
Andrea, Savage,,,,,,,C:\Users\2alex\OneDrive\Documents\GitHub\Ethnicity-Inference-2022\ImDB Webcrawling\ImDB Photos/Andrea_ Savage.jpg
Denzel, Washington,,,,,,,C:\Users\2alex\OneDrive\Documents\GitHub\Ethnicity-Inference-2022\ImDB Webcrawling\ImDB Photos/Denzel_ Washington.jpg
Ryan, Reynolds,,,,,,,C:\Users\2alex\OneDrive\Documents\GitHub\Ethnicity-Inference-2022\ImDB Webcrawling\ImDB Photos/Ryan_ Reynolds.jpg
Adam, Driver,,,,,,,C:\Users\2alex\OneDrive\Documents\GitHub\Ethnicity-Inference-2022\ImDB Webcrawling\ImDB Photos/Adam_ Driver.jpg
Christina, Ricci,,,,,,,C:\Users\2alex\OneDrive\Documents\GitHub\Ethnicity-Inference-2022\ImDB Webcrawling\ImDB Photos/Christina_ Ricci.jpg
Tommi, Rose,,,,,,,C:\Users\2alex\OneDrive\Documents\GitHub\Ethnicity-Inference-2022\ImDB Webcrawling\ImDB Photos/Tommi_ Rose.jpg
Karen, Gillan,,,,,,,C:\Users\2alex\OneDrive\Documents\GitHub\Ethnicity-Inference-2022\ImDB Webcrawling\ImDB Photos/Karen_ Gillan.jpg
Brie, Larson,,,,,,,C:\Users\2alex\OneDrive\Documents\GitHub\Ethnicity-Inference-2022\ImDB Webcrawling\ImDB Photos/Brie_ Larson.jpg
Sandra, Bullock,,,,,,,C:\Users\2alex\OneDrive\Documents\GitHub\Ethnicity-Inference-2022\ImDB Webcrawling\ImDB Photos/Sandra_ Bullock.jpg
Emilia, Jones,,,,,,,C:\Users\2alex\OneDrive\Documents\GitHub\Ethnicity-Inference-2022\ImDB Webcrawling\ImDB Photos/Emilia_ Jones.jpg
Helen, Mirren,,,,,,,C:\Users\2alex\OneDrive\Documents\GitHub\Ethnicity-Inference-2022\ImDB Webcrawling\ImDB Photos/Helen_ Mirren.jpg
Julianne, Moore,,,,,,,C:\Users\2alex\OneDrive\Documents\GitHub\Ethnicity-Inference-2022\ImDB Webcrawling\ImDB Photos/Julianne_ Moore.jpg
Timothee, Chalamet,,,,,,,C:\Users\2alex\OneDrive\Documents\GitHub\Ethnicity-Inference-2022\ImDB Webcrawling\ImDB Photos/Timothee_ Chalamet.jpg
Kelly, Macdonald,,,,,,,C:\Users\2alex\OneDrive\Documents\GitHub\Ethnicity-Inference-2022\ImDB Webcrawling\ImDB Photos/Kelly_ Macdonald.jpg
Tracy, Spiridakos,,,,,,,C:\Users\2alex\OneDrive\Documents\GitHub\Ethnicity-Inference-2022\ImDB Webcrawling\ImDB Photos/Tracy_ Spiridakos.jpg
Juno, Temple,,,,,,,C:\Users\2alex\OneDrive\Documents\GitHub\Ethnicity-Inference-2022\ImDB Webcrawling\ImDB Photos/Juno_ Temple.jpg
Paul, Mescal,,,,,,,C:\Users\2alex\OneDrive\Documents\GitHub\Ethnicity-Inference-2022\ImDB Webcrawling\ImDB Photos/Paul_ Mescal.jpg
Holliday, Grainger,,,,,,,C:\Users\2alex\OneDrive\Documents\GitHub\Ethnicity-Inference-2022\ImDB Webcrawling\ImDB Photos/Holliday_ Grainger.jpg
Brianne, Howey,,,,,,,C:\Users\2alex\OneDrive\Documents\GitHub\Ethnicity-Inference-2022\ImDB Webcrawling\ImDB Photos/Brianne_ Howey.jpg
Kevin, Costner,,,,,,,C:\Users\2alex\OneDrive\Documents\GitHub\Ethnicity-Inference-2022\ImDB Webcrawling\ImDB Photos/Kevin_ Costner.jpg
Tamzin, Merchant,,,,,,,C:\Users\2alex\OneDrive\Documents\GitHub\Ethnicity-Inference-2022\ImDB Webcrawling\ImDB Photos/Tamzin_ Merchant.jpg
Ben, Barnes,,,,,,,C:\Users\2alex\OneDrive\Documents\GitHub\Ethnicity-Inference-2022\ImDB Webcrawling\ImDB Photos/Ben_ Barnes.jpg
Viola, Davis,,,,,,,C:\Users\2alex\OneDrive\Documents\GitHub\Ethnicity-Inference-2022\ImDB Webcrawling\ImDB Photos/Viola_ Davis.jpg
Lauren, Ash,,,,,,,C:\Users\2alex\OneDrive\Documents\GitHub\Ethnicity-Inference-2022\ImDB Webcrawling\ImDB Photos/Lauren_ Ash.jpg
Kelsey, Asbille,,,,,,,C:\Users\2alex\OneDrive\Documents\GitHub\Ethnicity-Inference-2022\ImDB Webcrawling\ImDB Photos/Kelsey_ Asbille.jpg
Jason, Statham,,,,,,,C:\Users\2alex\OneDrive\Documents\GitHub\Ethnicity-Inference-2022\ImDB Webcrawling\ImDB Photos/Jason_ Statham.jpg
Mary, Elizabeth Winstead,,,,,,,C:\Users\2alex\OneDrive\Documents\GitHub\Ethnicity-Inference-2022\ImDB Webcrawling\ImDB Photos/Mary_ Elizabeth Winstead.jpg
Luke, Grimes,,,,,,,C:\Users\2alex\OneDrive\Documents\GitHub\Ethnicity-Inference-2022\ImDB Webcrawling\ImDB Photos/Luke_ Grimes.jpg
Jay, Hernandez,,,,,,,C:\Users\2alex\OneDrive\Documents\GitHub\Ethnicity-Inference-2022\ImDB Webcrawling\ImDB Photos/Jay_ Hernandez.jpg
Elizabeth, Debicki,,,,,,,C:\Users\2alex\OneDrive\Documents\GitHub\Ethnicity-Inference-2022\ImDB Webcrawling\ImDB Photos/Elizabeth_ Debicki.jpg
Karla, Crome,,,,,,,C:\Users\2alex\OneDrive\Documents\GitHub\Ethnicity-Inference-2022\ImDB Webcrawling\ImDB Photos/Karla_ Crome.jpg
Molly, Ringwald,,,,,,,C:\Users\2alex\OneDrive\Documents\GitHub\Ethnicity-Inference-2022\ImDB Webcrawling\ImDB Photos/Molly_ Ringwald.jpg
Ke, Huy Quan,,,,,,,C:\Users\2alex\OneDrive\Documents\GitHub\Ethnicity-Inference-2022\ImDB Webcrawling\ImDB Photos/Ke_ Huy Quan.jpg
Mel, Gibson,,,,,,,C:\Users\2alex\OneDrive\Documents\GitHub\Ethnicity-Inference-2022\ImDB Webcrawling\ImDB Photos/Mel_ Gibson.jpg
Liam, Neeson,,,,,,,C:\Users\2alex\OneDrive\Documents\GitHub\Ethnicity-Inference-2022\ImDB Webcrawling\ImDB Photos/Liam_ Neeson.jpg
Charlbi, Dean,,,,,,,C:\Users\2alex\OneDrive\Documents\GitHub\Ethnicity-Inference-2022\ImDB Webcrawling\ImDB Photos/Charlbi_ Dean.jpg
Linda, Cardellini,,,,,,,C:\Users\2alex\OneDrive\Documents\GitHub\Ethnicity-Inference-2022\ImDB Webcrawling\ImDB Photos/Linda_ Cardellini.jpg
Bonnie, Somerville,,,,,,,C:\Users\2alex\OneDrive\Documents\GitHub\Ethnicity-Inference-2022\ImDB Webcrawling\ImDB Photos/Bonnie_ Somerville.jpg
Scarlett, Johansson,,,,,,,C:\Users\2alex\OneDrive\Documents\GitHub\Ethnicity-Inference-2022\ImDB Webcrawling\ImDB Photos/Scarlett_ Johansson.jpg
Chloe, Grace Moretz,,,,,,,C:\Users\2alex\OneDrive\Documents\GitHub\Ethnicity-Inference-2022\ImDB Webcrawling\ImDB Photos/Chloe_ Grace Moretz.jpg
Lupita, Nyong'o,,,,,,,C:\Users\2alex\OneDrive\Documents\GitHub\Ethnicity-Inference-2022\ImDB Webcrawling\ImDB Photos/Lupita_ Nyong'o.jpg
Allison, Williams,,,,,,,C:\Users\2alex\OneDrive\Documents\GitHub\Ethnicity-Inference-2022\ImDB Webcrawling\ImDB Photos/Allison_ Williams.jpg
Quentin, Tarantino,,,,,,,C:\Users\2alex\OneDrive\Documents\GitHub\Ethnicity-Inference-2022\ImDB Webcrawling\ImDB Photos/Quentin_ Tarantino.jpg
Elaine, Miles,,,,,,,C:\Users\2alex\OneDrive\Documents\GitHub\Ethnicity-Inference-2022\ImDB Webcrawling\ImDB Photos/Elaine_ Miles.jpg
Matthew, McConaughey,,,,,,,C:\Users\2alex\OneDrive\Documents\GitHub\Ethnicity-Inference-2022\ImDB Webcrawling\ImDB Photos/Matthew_ McConaughey.jpg
John, Travolta,,,,,,,C:\Users\2alex\OneDrive\Documents\GitHub\Ethnicity-Inference-2022\ImDB Webcrawling\ImDB Photos/John_ Travolta.jpg
Taron, Egerton,,,,,,,C:\Users\2alex\OneDrive\Documents\GitHub\Ethnicity-Inference-2022\ImDB Webcrawling\ImDB Photos/Taron_ Egerton.jpg
Isabelle, Fuhrman,,,,,,,C:\Users\2alex\OneDrive\Documents\GitHub\Ethnicity-Inference-2022\ImDB Webcrawling\ImDB Photos/Isabelle_ Fuhrman.jpg
Michael, Keaton,,,,,,,C:\Users\2alex\OneDrive\Documents\GitHub\Ethnicity-Inference-2022\ImDB Webcrawling\ImDB Photos/Michael_ Keaton.jpg
Kate, Winslet,,,,,,,C:\Users\2alex\OneDrive\Documents\GitHub\Ethnicity-Inference-2022\ImDB Webcrawling\ImDB Photos/Kate_ Winslet.jpg
James, Norton,,,,,,,C:\Users\2alex\OneDrive\Documents\GitHub\Ethnicity-Inference-2022\ImDB Webcrawling\ImDB Photos/James_ Norton.jpg
Carrie, Coon,,,,,,,C:\Users\2alex\OneDrive\Documents\GitHub\Ethnicity-Inference-2022\ImDB Webcrawling\ImDB Photos/Carrie_ Coon.jpg
Robert, Downey Jr.,,,,,,,C:\Users\2alex\OneDrive\Documents\GitHub\Ethnicity-Inference-2022\ImDB Webcrawling\ImDB Photos/Robert_ Downey Jr..jpg
Ryan, Gosling,,,,,,,C:\Users\2alex\OneDrive\Documents\GitHub\Ethnicity-Inference-2022\ImDB Webcrawling\ImDB Photos/Ryan_ Gosling.jpg
Mark, Wahlberg,,,,,,,C:\Users\2alex\OneDrive\Documents\GitHub\Ethnicity-Inference-2022\ImDB Webcrawling\ImDB Photos/Mark_ Wahlberg.jpg
Alison, Pill,,,,,,,C:\Users\2alex\OneDrive\Documents\GitHub\Ethnicity-Inference-2022\ImDB Webcrawling\ImDB Photos/Alison_ Pill.jpg
Tom, Burke,,,,,,,C:\Users\2alex\OneDrive\Documents\GitHub\Ethnicity-Inference-2022\ImDB Webcrawling\ImDB Photos/Tom_ Burke.jpg
Dave, Bautista,,,,,,,C:\Users\2alex\OneDrive\Documents\GitHub\Ethnicity-Inference-2022\ImDB Webcrawling\ImDB Photos/Dave_ Bautista.jpg
Katheryn, Winnick,,,,,,,C:\Users\2alex\OneDrive\Documents\GitHub\Ethnicity-Inference-2022\ImDB Webcrawling\ImDB Photos/Katheryn_ Winnick.jpg
Emma, Thompson,,,,,,,C:\Users\2alex\OneDrive\Documents\GitHub\Ethnicity-Inference-2022\ImDB Webcrawling\ImDB Photos/Emma_ Thompson.jpg
Steve, Zahn,,,,,,,C:\Users\2alex\OneDrive\Documents\GitHub\Ethnicity-Inference-2022\ImDB Webcrawling\ImDB Photos/Steve_ Zahn.jpg
Johnny, Depp,,,,,,,C:\Users\2alex\OneDrive\Documents\GitHub\Ethnicity-Inference-2022\ImDB Webcrawling\ImDB Photos/Johnny_ Depp.jpg
Justine, Bateman,,,,,,,C:\Users\2alex\OneDrive\Documents\GitHub\Ethnicity-Inference-2022\ImDB Webcrawling\ImDB Photos/Justine_ Bateman.jpg
Lauren, Ambrose,,,,,,,C:\Users\2alex\OneDrive\Documents\GitHub\Ethnicity-Inference-2022\ImDB Webcrawling\ImDB Photos/Lauren_ Ambrose.jpg
Guy, Ritchie,,,,,,,C:\Users\2alex\OneDrive\Documents\GitHub\Ethnicity-Inference-2022\ImDB Webcrawling\ImDB Photos/Guy_ Ritchie.jpg
Drew, Barrymore,,,,,,,C:\Users\2alex\OneDrive\Documents\GitHub\Ethnicity-Inference-2022\ImDB Webcrawling\ImDB Photos/Drew_ Barrymore.jpg
Darren, Aronofsky,,,,,,,C:\Users\2alex\OneDrive\Documents\GitHub\Ethnicity-Inference-2022\ImDB Webcrawling\ImDB Photos/Darren_ Aronofsky.jpg
Emilia, Clarke,,,,,,,C:\Users\2alex\OneDrive\Documents\GitHub\Ethnicity-Inference-2022\ImDB Webcrawling\ImDB Photos/Emilia_ Clarke.jpg
Amie, Donald,,,,,,,C:\Users\2alex\OneDrive\Documents\GitHub\Ethnicity-Inference-2022\ImDB Webcrawling\ImDB Photos/Amie_ Donald.jpg
Ben, Affleck,,,,,,,C:\Users\2alex\OneDrive\Documents\GitHub\Ethnicity-Inference-2022\ImDB Webcrawling\ImDB Photos/Ben_ Affleck.jpg
Jonah, Hill,,,,,,,C:\Users\2alex\OneDrive\Documents\GitHub\Ethnicity-Inference-2022\ImDB Webcrawling\ImDB Photos/Jonah_ Hill.jpg
Andrea, Riseborough,,,,,,,C:\Users\2alex\OneDrive\Documents\GitHub\Ethnicity-Inference-2022\ImDB Webcrawling\ImDB Photos/Andrea_ Riseborough.jpg
Adam, Sandler,,,,,,,C:\Users\2alex\OneDrive\Documents\GitHub\Ethnicity-Inference-2022\ImDB Webcrawling\ImDB Photos/Adam_ Sandler.jpg
Val, Kilmer,,,,,,,C:\Users\2alex\OneDrive\Documents\GitHub\Ethnicity-Inference-2022\ImDB Webcrawling\ImDB Photos/Val_ Kilmer.jpg
Bryce, Dallas Howard,,,,,,,C:\Users\2alex\OneDrive\Documents\GitHub\Ethnicity-Inference-2022\ImDB Webcrawling\ImDB Photos/Bryce_ Dallas Howard.jpg
Robert, De Niro,,,,,,,C:\Users\2alex\OneDrive\Documents\GitHub\Ethnicity-Inference-2022\ImDB Webcrawling\ImDB Photos/Robert_ De Niro.jpg
Orlando, Bloom,,,,,,,C:\Users\2alex\OneDrive\Documents\GitHub\Ethnicity-Inference-2022\ImDB Webcrawling\ImDB Photos/Orlando_ Bloom.jpg
Brittany, Snow,,,,,,,C:\Users\2alex\OneDrive\Documents\GitHub\Ethnicity-Inference-2022\ImDB Webcrawling\ImDB Photos/Brittany_ Snow.jpg
Zoe, Saldana,,,,,,,C:\Users\2alex\OneDrive\Documents\GitHub\Ethnicity-Inference-2022\ImDB Webcrawling\ImDB Photos/Zoe_ Saldana.jpg
Madison, Bailey,,,,,,,C:\Users\2alex\OneDrive\Documents\GitHub\Ethnicity-Inference-2022\ImDB Webcrawling\ImDB Photos/Madison_ Bailey.jpg
Tig, Notaro,,,,,,,C:\Users\2alex\OneDrive\Documents\GitHub\Ethnicity-Inference-2022\ImDB Webcrawling\ImDB Photos/Tig_ Notaro.jpg
Salma, Hayek,,,,,,,C:\Users\2alex\OneDrive\Documents\GitHub\Ethnicity-Inference-2022\ImDB Webcrawling\ImDB Photos/Salma_ Hayek.jpg
Jessica, Chastain,,,,,,,C:\Users\2alex\OneDrive\Documents\GitHub\Ethnicity-Inference-2022\ImDB Webcrawling\ImDB Photos/Jessica_ Chastain.jpg
Maiara, Walsh,,,,,,,C:\Users\2alex\OneDrive\Documents\GitHub\Ethnicity-Inference-2022\ImDB Webcrawling\ImDB Photos/Maiara_ Walsh.jpg
Channing, Tatum,,,,,,,C:\Users\2alex\OneDrive\Documents\GitHub\Ethnicity-Inference-2022\ImDB Webcrawling\ImDB Photos/Channing_ Tatum.jpg
Theo, James,,,,,,,C:\Users\2alex\OneDrive\Documents\GitHub\Ethnicity-Inference-2022\ImDB Webcrawling\ImDB Photos/Theo_ James.jpg
Britt, Robertson,,,,,,,C:\Users\2alex\OneDrive\Documents\GitHub\Ethnicity-Inference-2022\ImDB Webcrawling\ImDB Photos/Britt_ Robertson.jpg
Diane, Morgan,,,,,,,C:\Users\2alex\OneDrive\Documents\GitHub\Ethnicity-Inference-2022\ImDB Webcrawling\ImDB Photos/Diane_ Morgan.jpg
Keira, Knightley,,,,,,,C:\Users\2alex\OneDrive\Documents\GitHub\Ethnicity-Inference-2022\ImDB Webcrawling\ImDB Photos/Keira_ Knightley.jpg
Troy, Baker,,,,,,,C:\Users\2alex\OneDrive\Documents\GitHub\Ethnicity-Inference-2022\ImDB Webcrawling\ImDB Photos/Troy_ Baker.jpg
Amy, Adams,,,,,,,C:\Users\2alex\OneDrive\Documents\GitHub\Ethnicity-Inference-2022\ImDB Webcrawling\ImDB Photos/Amy_ Adams.jpg
Julian, Sands,,,,,,,C:\Users\2alex\OneDrive\Documents\GitHub\Ethnicity-Inference-2022\ImDB Webcrawling\ImDB Photos/Julian_ Sands.jpg
Gemma, Arterton,,,,,,,C:\Users\2alex\OneDrive\Documents\GitHub\Ethnicity-Inference-2022\ImDB Webcrawling\ImDB Photos/Gemma_ Arterton.jpg
Michelle, Monaghan,,,,,,,C:\Users\2alex\OneDrive\Documents\GitHub\Ethnicity-Inference-2022\ImDB Webcrawling\ImDB Photos/Michelle_ Monaghan.jpg
Emma, Fuhrmann,,,,,,,C:\Users\2alex\OneDrive\Documents\GitHub\Ethnicity-Inference-2022\ImDB Webcrawling\ImDB Photos/Emma_ Fuhrmann.jpg
Emma, Myers,,,,,,,C:\Users\2alex\OneDrive\Documents\GitHub\Ethnicity-Inference-2022\ImDB Webcrawling\ImDB Photos/Emma_ Myers.jpg
Will, Smith,,,,,,,C:\Users\2alex\OneDrive\Documents\GitHub\Ethnicity-Inference-2022\ImDB Webcrawling\ImDB Photos/Will_ Smith.jpg
Ralph, Fiennes,,,,,,,C:\Users\2alex\OneDrive\Documents\GitHub\Ethnicity-Inference-2022\ImDB Webcrawling\ImDB Photos/Ralph_ Fiennes.jpg
Erika, Christensen,,,,,,,C:\Users\2alex\OneDrive\Documents\GitHub\Ethnicity-Inference-2022\ImDB Webcrawling\ImDB Photos/Erika_ Christensen.jpg
Orla, Brady,,,,,,,C:\Users\2alex\OneDrive\Documents\GitHub\Ethnicity-Inference-2022\ImDB Webcrawling\ImDB Photos/Orla_ Brady.jpg
Tessa, Thompson,,,,,,,C:\Users\2alex\OneDrive\Documents\GitHub\Ethnicity-Inference-2022\ImDB Webcrawling\ImDB Photos/Tessa_ Thompson.jpg
Gates, McFadden,,,,,,,C:\Users\2alex\OneDrive\Documents\GitHub\Ethnicity-Inference-2022\ImDB Webcrawling\ImDB Photos/Gates_ McFadden.jpg
Elodie, Yung,,,,,,,C:\Users\2alex\OneDrive\Documents\GitHub\Ethnicity-Inference-2022\ImDB Webcrawling\ImDB Photos/Elodie_ Yung.jpg
Olivia, Wilde,,,,,,,C:\Users\2alex\OneDrive\Documents\GitHub\Ethnicity-Inference-2022\ImDB Webcrawling\ImDB Photos/Olivia_ Wilde.jpg
David, Harbour,,,,,,,C:\Users\2alex\OneDrive\Documents\GitHub\Ethnicity-Inference-2022\ImDB Webcrawling\ImDB Photos/David_ Harbour.jpg
Travis, Fimmel,,,,,,,C:\Users\2alex\OneDrive\Documents\GitHub\Ethnicity-Inference-2022\ImDB Webcrawling\ImDB Photos/Travis_ Fimmel.jpg
Michael, Shannon,,,,,,,C:\Users\2alex\OneDrive\Documents\GitHub\Ethnicity-Inference-2022\ImDB Webcrawling\ImDB Photos/Michael_ Shannon.jpg
Michael, Douglas,,,,,,,C:\Users\2alex\OneDrive\Documents\GitHub\Ethnicity-Inference-2022\ImDB Webcrawling\ImDB Photos/Michael_ Douglas.jpg
Olivia, Rodrigo,,,,,,,C:\Users\2alex\OneDrive\Documents\GitHub\Ethnicity-Inference-2022\ImDB Webcrawling\ImDB Photos/Olivia_ Rodrigo.jpg
Russell, Crowe,,,,,,,C:\Users\2alex\OneDrive\Documents\GitHub\Ethnicity-Inference-2022\ImDB Webcrawling\ImDB Photos/Russell_ Crowe.jpg
Ophelia, Lovibond,,,,,,,C:\Users\2alex\OneDrive\Documents\GitHub\Ethnicity-Inference-2022\ImDB Webcrawling\ImDB Photos/Ophelia_ Lovibond.jpg
Matt, Damon,,,,,,,C:\Users\2alex\OneDrive\Documents\GitHub\Ethnicity-Inference-2022\ImDB Webcrawling\ImDB Photos/Matt_ Damon.jpg
Elizabeth, Olsen,,,,,,,C:\Users\2alex\OneDrive\Documents\GitHub\Ethnicity-Inference-2022\ImDB Webcrawling\ImDB Photos/Elizabeth_ Olsen.jpg
Glen, Powell,,,,,,,C:\Users\2alex\OneDrive\Documents\GitHub\Ethnicity-Inference-2022\ImDB Webcrawling\ImDB Photos/Glen_ Powell.jpg
Monica, Bellucci,,,,,,,C:\Users\2alex\OneDrive\Documents\GitHub\Ethnicity-Inference-2022\ImDB Webcrawling\ImDB Photos/Monica_ Bellucci.jpg
Eva, Green,,,,,,,C:\Users\2alex\OneDrive\Documents\GitHub\Ethnicity-Inference-2022\ImDB Webcrawling\ImDB Photos/Eva_ Green.jpg
Marie-Josee, Croze,,,,,,,C:\Users\2alex\OneDrive\Documents\GitHub\Ethnicity-Inference-2022\ImDB Webcrawling\ImDB Photos/Marie-Josee_ Croze.jpg
Natalie, Portman,,,,,,,C:\Users\2alex\OneDrive\Documents\GitHub\Ethnicity-Inference-2022\ImDB Webcrawling\ImDB Photos/Natalie_ Portman.jpg
Monica, Barbaro,,,,,,,C:\Users\2alex\OneDrive\Documents\GitHub\Ethnicity-Inference-2022\ImDB Webcrawling\ImDB Photos/Monica_ Barbaro.jpg
Bellamy, Young,,,,,,,C:\Users\2alex\OneDrive\Documents\GitHub\Ethnicity-Inference-2022\ImDB Webcrawling\ImDB Photos/Bellamy_ Young.jpg
Catherine, Zeta-Jones,,,,,,,C:\Users\2alex\OneDrive\Documents\GitHub\Ethnicity-Inference-2022\ImDB Webcrawling\ImDB Photos/Catherine_ Zeta-Jones.jpg
Sherrie, Rose,,,,,,,C:\Users\2alex\OneDrive\Documents\GitHub\Ethnicity-Inference-2022\ImDB Webcrawling\ImDB Photos/Sherrie_ Rose.jpg
Emma, Stone,,,,,,,C:\Users\2alex\OneDrive\Documents\GitHub\Ethnicity-Inference-2022\ImDB Webcrawling\ImDB Photos/Emma_ Stone.jpg
Jake, Gyllenhaal,,,,,,,C:\Users\2alex\OneDrive\Documents\GitHub\Ethnicity-Inference-2022\ImDB Webcrawling\ImDB Photos/Jake_ Gyllenhaal.jpg
Justice, Smith,,,,,,,C:\Users\2alex\OneDrive\Documents\GitHub\Ethnicity-Inference-2022\ImDB Webcrawling\ImDB Photos/Justice_ Smith.jpg
Bryan, Cranston,,,,,,,C:\Users\2alex\OneDrive\Documents\GitHub\Ethnicity-Inference-2022\ImDB Webcrawling\ImDB Photos/Bryan_ Cranston.jpg
Anne, Hathaway,,,,,,,C:\Users\2alex\OneDrive\Documents\GitHub\Ethnicity-Inference-2022\ImDB Webcrawling\ImDB Photos/Anne_ Hathaway.jpg
Ginnifer, Goodwin,,,,,,,C:\Users\2alex\OneDrive\Documents\GitHub\Ethnicity-Inference-2022\ImDB Webcrawling\ImDB Photos/Ginnifer_ Goodwin.jpg
Angela, Bassett,,,,,,,C:\Users\2alex\OneDrive\Documents\GitHub\Ethnicity-Inference-2022\ImDB Webcrawling\ImDB Photos/Angela_ Bassett.jpg
Rose, Williams,,,,,,,C:\Users\2alex\OneDrive\Documents\GitHub\Ethnicity-Inference-2022\ImDB Webcrawling\ImDB Photos/Rose_ Williams.jpg
Martin, Scorsese,,,,,,,C:\Users\2alex\OneDrive\Documents\GitHub\Ethnicity-Inference-2022\ImDB Webcrawling\ImDB Photos/Martin_ Scorsese.jpg
Jason, Segel,,,,,,,C:\Users\2alex\OneDrive\Documents\GitHub\Ethnicity-Inference-2022\ImDB Webcrawling\ImDB Photos/Jason_ Segel.jpg
Rachel, McAdams,,,,,,,C:\Users\2alex\OneDrive\Documents\GitHub\Ethnicity-Inference-2022\ImDB Webcrawling\ImDB Photos/Rachel_ McAdams.jpg
Kaitlyn, Dever,,,,,,,C:\Users\2alex\OneDrive\Documents\GitHub\Ethnicity-Inference-2022\ImDB Webcrawling\ImDB Photos/Kaitlyn_ Dever.jpg
Lauren, London,,,,,,,C:\Users\2alex\OneDrive\Documents\GitHub\Ethnicity-Inference-2022\ImDB Webcrawling\ImDB Photos/Lauren_ London.jpg
Sarah, Shahi,,,,,,,C:\Users\2alex\OneDrive\Documents\GitHub\Ethnicity-Inference-2022\ImDB Webcrawling\ImDB Photos/Sarah_ Shahi.jpg
Adrianne, Palicki,,,,,,,C:\Users\2alex\OneDrive\Documents\GitHub\Ethnicity-Inference-2022\ImDB Webcrawling\ImDB Photos/Adrianne_ Palicki.jpg
William, Fichtner,,,,,,,C:\Users\2alex\OneDrive\Documents\GitHub\Ethnicity-Inference-2022\ImDB Webcrawling\ImDB Photos/William_ Fichtner.jpg
Mila, Kunis,,,,,,,C:\Users\2alex\OneDrive\Documents\GitHub\Ethnicity-Inference-2022\ImDB Webcrawling\ImDB Photos/Mila_ Kunis.jpg
Tati, Gabrielle,,,,,,,C:\Users\2alex\OneDrive\Documents\GitHub\Ethnicity-Inference-2022\ImDB Webcrawling\ImDB Photos/Tati_ Gabrielle.jpg
Al, Pacino,,,,,,,C:\Users\2alex\OneDrive\Documents\GitHub\Ethnicity-Inference-2022\ImDB Webcrawling\ImDB Photos/Al_ Pacino.jpg
Charlize, Theron,,,,,,,C:\Users\2alex\OneDrive\Documents\GitHub\Ethnicity-Inference-2022\ImDB Webcrawling\ImDB Photos/Charlize_ Theron.jpg
Brittany, O'Grady,,,,,,,C:\Users\2alex\OneDrive\Documents\GitHub\Ethnicity-Inference-2022\ImDB Webcrawling\ImDB Photos/Brittany_ O'Grady.jpg
Iliza, Shlesinger,,,,,,,C:\Users\2alex\OneDrive\Documents\GitHub\Ethnicity-Inference-2022\ImDB Webcrawling\ImDB Photos/Iliza_ Shlesinger.jpg
Christopher, Nolan,,,,,,,C:\Users\2alex\OneDrive\Documents\GitHub\Ethnicity-Inference-2022\ImDB Webcrawling\ImDB Photos/Christopher_ Nolan.jpg
Thandiwe, Newton,,,,,,,C:\Users\2alex\OneDrive\Documents\GitHub\Ethnicity-Inference-2022\ImDB Webcrawling\ImDB Photos/Thandiwe_ Newton.jpg
Michael, Rady,,,,,,,C:\Users\2alex\OneDrive\Documents\GitHub\Ethnicity-Inference-2022\ImDB Webcrawling\ImDB Photos/Michael_ Rady.jpg
Carla, Gugino,,,,,,,C:\Users\2alex\OneDrive\Documents\GitHub\Ethnicity-Inference-2022\ImDB Webcrawling\ImDB Photos/Carla_ Gugino.jpg
Alicia, Vikander,,,,,,,C:\Users\2alex\OneDrive\Documents\GitHub\Ethnicity-Inference-2022\ImDB Webcrawling\ImDB Photos/Alicia_ Vikander.jpg
Dawn, Olivieri,,,,,,,C:\Users\2alex\OneDrive\Documents\GitHub\Ethnicity-Inference-2022\ImDB Webcrawling\ImDB Photos/Dawn_ Olivieri.jpg
Kate, Mulvany,,,,,,,C:\Users\2alex\OneDrive\Documents\GitHub\Ethnicity-Inference-2022\ImDB Webcrawling\ImDB Photos/Kate_ Mulvany.jpg
Julie, Strain,,,,,,,C:\Users\2alex\OneDrive\Documents\GitHub\Ethnicity-Inference-2022\ImDB Webcrawling\ImDB Photos/Julie_ Strain.jpg
Brendan, Gleeson,,,,,,,C:\Users\2alex\OneDrive\Documents\GitHub\Ethnicity-Inference-2022\ImDB Webcrawling\ImDB Photos/Brendan_ Gleeson.jpg
Damien, Chazelle,,,,,,,C:\Users\2alex\OneDrive\Documents\GitHub\Ethnicity-Inference-2022\ImDB Webcrawling\ImDB Photos/Damien_ Chazelle.jpg
Timothy, Olyphant,,,,,,,C:\Users\2alex\OneDrive\Documents\GitHub\Ethnicity-Inference-2022\ImDB Webcrawling\ImDB Photos/Timothy_ Olyphant.jpg
Annabelle, Wallis,,,,,,,C:\Users\2alex\OneDrive\Documents\GitHub\Ethnicity-Inference-2022\ImDB Webcrawling\ImDB Photos/Annabelle_ Wallis.jpg
Megan, Fox,,,,,,,C:\Users\2alex\OneDrive\Documents\GitHub\Ethnicity-Inference-2022\ImDB Webcrawling\ImDB Photos/Megan_ Fox.jpg
Alan, Rickman,,,,,,,C:\Users\2alex\OneDrive\Documents\GitHub\Ethnicity-Inference-2022\ImDB Webcrawling\ImDB Photos/Alan_ Rickman.jpg
Michelle, Randolph,,,,,,,C:\Users\2alex\OneDrive\Documents\GitHub\Ethnicity-Inference-2022\ImDB Webcrawling\ImDB Photos/Michelle_ Randolph.jpg
Wagner, Moura,,,,,,,C:\Users\2alex\OneDrive\Documents\GitHub\Ethnicity-Inference-2022\ImDB Webcrawling\ImDB Photos/Wagner_ Moura.jpg
Anna, Paquin,,,,,,,C:\Users\2alex\OneDrive\Documents\GitHub\Ethnicity-Inference-2022\ImDB Webcrawling\ImDB Photos/Anna_ Paquin.jpg
Olivia, Cooke,,,,,,,C:\Users\2alex\OneDrive\Documents\GitHub\Ethnicity-Inference-2022\ImDB Webcrawling\ImDB Photos/Olivia_ Cooke.jpg
Chris, Pine,,,,,,,C:\Users\2alex\OneDrive\Documents\GitHub\Ethnicity-Inference-2022\ImDB Webcrawling\ImDB Photos/Chris_ Pine.jpg
Paolina, van Kleef,,,,,,,C:\Users\2alex\OneDrive\Documents\GitHub\Ethnicity-Inference-2022\ImDB Webcrawling\ImDB Photos/Paolina_ van Kleef.jpg
Michelle, Williams,,,,,,,C:\Users\2alex\OneDrive\Documents\GitHub\Ethnicity-Inference-2022\ImDB Webcrawling\ImDB Photos/Michelle_ Williams.jpg
Melissa, McCarthy,,,,,,,C:\Users\2alex\OneDrive\Documents\GitHub\Ethnicity-Inference-2022\ImDB Webcrawling\ImDB Photos/Melissa_ McCarthy.jpg
Abby, Ryder Fortson,,,,,,,C:\Users\2alex\OneDrive\Documents\GitHub\Ethnicity-Inference-2022\ImDB Webcrawling\ImDB Photos/Abby_ Ryder Fortson.jpg
Rihanna, Fenty,,,,,,,C:\Users\2alex\OneDrive\Documents\GitHub\Ethnicity-Inference-2022\ImDB Webcrawling\ImDB Photos/Rihanna_ Fenty.jpg
Zachary, Levi,,,,,,,C:\Users\2alex\OneDrive\Documents\GitHub\Ethnicity-Inference-2022\ImDB Webcrawling\ImDB Photos/Zachary_ Levi.jpg
Zendaya, Coleman,,,,,,,C:\Users\2alex\OneDrive\Documents\GitHub\Ethnicity-Inference-2022\ImDB Webcrawling\ImDB Photos/Zendaya_ Coleman.jpg
Rupert, Grint,,,,,,,C:\Users\2alex\OneDrive\Documents\GitHub\Ethnicity-Inference-2022\ImDB Webcrawling\ImDB Photos/Rupert_ Grint.jpg
Anna, Kendrick,,,,,,,C:\Users\2alex\OneDrive\Documents\GitHub\Ethnicity-Inference-2022\ImDB Webcrawling\ImDB Photos/Anna_ Kendrick.jpg
Zoey, Deutch,,,,,,,C:\Users\2alex\OneDrive\Documents\GitHub\Ethnicity-Inference-2022\ImDB Webcrawling\ImDB Photos/Zoey_ Deutch.jpg
James, Spader,,,,,,,C:\Users\2alex\OneDrive\Documents\GitHub\Ethnicity-Inference-2022\ImDB Webcrawling\ImDB Photos/James_ Spader.jpg
Joe, Manganiello,,,,,,,C:\Users\2alex\OneDrive\Documents\GitHub\Ethnicity-Inference-2022\ImDB Webcrawling\ImDB Photos/Joe_ Manganiello.jpg
Wendie, Malick,,,,,,,C:\Users\2alex\OneDrive\Documents\GitHub\Ethnicity-Inference-2022\ImDB Webcrawling\ImDB Photos/Wendie_ Malick.jpg
Alden, Ehrenreich,,,,,,,C:\Users\2alex\OneDrive\Documents\GitHub\Ethnicity-Inference-2022\ImDB Webcrawling\ImDB Photos/Alden_ Ehrenreich.jpg
Gwendoline, Christie,,,,,,,C:\Users\2alex\OneDrive\Documents\GitHub\Ethnicity-Inference-2022\ImDB Webcrawling\ImDB Photos/Gwendoline_ Christie.jpg
Storm, Reid,,,,,,,C:\Users\2alex\OneDrive\Documents\GitHub\Ethnicity-Inference-2022\ImDB Webcrawling\ImDB Photos/Storm_ Reid.jpg
Nathalie, Emmanuel,,,,,,,C:\Users\2alex\OneDrive\Documents\GitHub\Ethnicity-Inference-2022\ImDB Webcrawling\ImDB Photos/Nathalie_ Emmanuel.jpg
Eden, Sher,,,,,,,C:\Users\2alex\OneDrive\Documents\GitHub\Ethnicity-Inference-2022\ImDB Webcrawling\ImDB Photos/Eden_ Sher.jpg
Hope, Davis,,,,,,,C:\Users\2alex\OneDrive\Documents\GitHub\Ethnicity-Inference-2022\ImDB Webcrawling\ImDB Photos/Hope_ Davis.jpg
April, Bowlby,,,,,,,C:\Users\2alex\OneDrive\Documents\GitHub\Ethnicity-Inference-2022\ImDB Webcrawling\ImDB Photos/April_ Bowlby.jpg
Rachel, Weisz,,,,,,,C:\Users\2alex\OneDrive\Documents\GitHub\Ethnicity-Inference-2022\ImDB Webcrawling\ImDB Photos/Rachel_ Weisz.jpg
Ben, Aldridge,,,,,,,C:\Users\2alex\OneDrive\Documents\GitHub\Ethnicity-Inference-2022\ImDB Webcrawling\ImDB Photos/Ben_ Aldridge.jpg
Jonathan, Groff,,,,,,,C:\Users\2alex\OneDrive\Documents\GitHub\Ethnicity-Inference-2022\ImDB Webcrawling\ImDB Photos/Jonathan_ Groff.jpg
Chris, Hemsworth,,,,,,,C:\Users\2alex\OneDrive\Documents\GitHub\Ethnicity-Inference-2022\ImDB Webcrawling\ImDB Photos/Chris_ Hemsworth.jpg
Natalie, Dormer,,,,,,,C:\Users\2alex\OneDrive\Documents\GitHub\Ethnicity-Inference-2022\ImDB Webcrawling\ImDB Photos/Natalie_ Dormer.jpg
Jennifer, Aniston,,,,,,,C:\Users\2alex\OneDrive\Documents\GitHub\Ethnicity-Inference-2022\ImDB Webcrawling\ImDB Photos/Jennifer_ Aniston.jpg
Katee, Sackhoff,,,,,,,C:\Users\2alex\OneDrive\Documents\GitHub\Ethnicity-Inference-2022\ImDB Webcrawling\ImDB Photos/Katee_ Sackhoff.jpg
Vanessa, Kirby,,,,,,,C:\Users\2alex\OneDrive\Documents\GitHub\Ethnicity-Inference-2022\ImDB Webcrawling\ImDB Photos/Vanessa_ Kirby.jpg
Steve, Howey,,,,,,,C:\Users\2alex\OneDrive\Documents\GitHub\Ethnicity-Inference-2022\ImDB Webcrawling\ImDB Photos/Steve_ Howey.jpg
Todd, Field,,,,,,,C:\Users\2alex\OneDrive\Documents\GitHub\Ethnicity-Inference-2022\ImDB Webcrawling\ImDB Photos/Todd_ Field.jpg
Pamela, Anderson,,,,,,,C:\Users\2alex\OneDrive\Documents\GitHub\Ethnicity-Inference-2022\ImDB Webcrawling\ImDB Photos/Pamela_ Anderson.jpg
Daniel, Craig,,,,,,,C:\Users\2alex\OneDrive\Documents\GitHub\Ethnicity-Inference-2022\ImDB Webcrawling\ImDB Photos/Daniel_ Craig.jpg
Ariel, Winter,,,,,,,C:\Users\2alex\OneDrive\Documents\GitHub\Ethnicity-Inference-2022\ImDB Webcrawling\ImDB Photos/Ariel_ Winter.jpg
Jamie, Lee Curtis,,,,,,,C:\Users\2alex\OneDrive\Documents\GitHub\Ethnicity-Inference-2022\ImDB Webcrawling\ImDB Photos/Jamie_ Lee Curtis.jpg
Kaley, Cuoco,,,,,,,C:\Users\2alex\OneDrive\Documents\GitHub\Ethnicity-Inference-2022\ImDB Webcrawling\ImDB Photos/Kaley_ Cuoco.jpg
Lukita, Maxwell,,,,,,,C:\Users\2alex\OneDrive\Documents\GitHub\Ethnicity-Inference-2022\ImDB Webcrawling\ImDB Photos/Lukita_ Maxwell.jpg
Olivia, Colman,,,,,,,C:\Users\2alex\OneDrive\Documents\GitHub\Ethnicity-Inference-2022\ImDB Webcrawling\ImDB Photos/Olivia_ Colman.jpg
Julia, Roberts,,,,,,,C:\Users\2alex\OneDrive\Documents\GitHub\Ethnicity-Inference-2022\ImDB Webcrawling\ImDB Photos/Julia_ Roberts.jpg
Milly, Alcock,,,,,,,C:\Users\2alex\OneDrive\Documents\GitHub\Ethnicity-Inference-2022\ImDB Webcrawling\ImDB Photos/Milly_ Alcock.jpg
George, Clooney,,,,,,,C:\Users\2alex\OneDrive\Documents\GitHub\Ethnicity-Inference-2022\ImDB Webcrawling\ImDB Photos/George_ Clooney.jpg
Elizabeth, Mitchell,,,,,,,C:\Users\2alex\OneDrive\Documents\GitHub\Ethnicity-Inference-2022\ImDB Webcrawling\ImDB Photos/Elizabeth_ Mitchell.jpg
Dylan, O'Brien,,,,,,,C:\Users\2alex\OneDrive\Documents\GitHub\Ethnicity-Inference-2022\ImDB Webcrawling\ImDB Photos/Dylan_ O'Brien.jpg
Letitia, Wright,,,,,,,C:\Users\2alex\OneDrive\Documents\GitHub\Ethnicity-Inference-2022\ImDB Webcrawling\ImDB Photos/Letitia_ Wright.jpg
Daisy, Edgar-Jones,,,,,,,C:\Users\2alex\OneDrive\Documents\GitHub\Ethnicity-Inference-2022\ImDB Webcrawling\ImDB Photos/Daisy_ Edgar-Jones.jpg
Joanne, Whalley,,,,,,,C:\Users\2alex\OneDrive\Documents\GitHub\Ethnicity-Inference-2022\ImDB Webcrawling\ImDB Photos/Joanne_ Whalley.jpg
Devan, Chandler Long,,,,,,,C:\Users\2alex\OneDrive\Documents\GitHub\Ethnicity-Inference-2022\ImDB Webcrawling\ImDB Photos/Devan_ Chandler Long.jpg
Woody, Harrelson,,,,,,,C:\Users\2alex\OneDrive\Documents\GitHub\Ethnicity-Inference-2022\ImDB Webcrawling\ImDB Photos/Woody_ Harrelson.jpg
Martin, McDonagh,,,,,,,C:\Users\2alex\OneDrive\Documents\GitHub\Ethnicity-Inference-2022\ImDB Webcrawling\ImDB Photos/Martin_ McDonagh.jpg
Chloe, Sevigny,,,,,,,C:\Users\2alex\OneDrive\Documents\GitHub\Ethnicity-Inference-2022\ImDB Webcrawling\ImDB Photos/Chloe_ Sevigny.jpg
Lauren, Cohan,,,,,,,C:\Users\2alex\OneDrive\Documents\GitHub\Ethnicity-Inference-2022\ImDB Webcrawling\ImDB Photos/Lauren_ Cohan.jpg
Morena, Baccarin,,,,,,,C:\Users\2alex\OneDrive\Documents\GitHub\Ethnicity-Inference-2022\ImDB Webcrawling\ImDB Photos/Morena_ Baccarin.jpg
Jason, Momoa,,,,,,,C:\Users\2alex\OneDrive\Documents\GitHub\Ethnicity-Inference-2022\ImDB Webcrawling\ImDB Photos/Jason_ Momoa.jpg
Nicole, Kidman,,,,,,,C:\Users\2alex\OneDrive\Documents\GitHub\Ethnicity-Inference-2022\ImDB Webcrawling\ImDB Photos/Nicole_ Kidman.jpg
James, Hong,,,,,,,C:\Users\2alex\OneDrive\Documents\GitHub\Ethnicity-Inference-2022\ImDB Webcrawling\ImDB Photos/James_ Hong.jpg
Rosamund, Pike,,,,,,,C:\Users\2alex\OneDrive\Documents\GitHub\Ethnicity-Inference-2022\ImDB Webcrawling\ImDB Photos/Rosamund_ Pike.jpg
Hayley, Atwell,,,,,,,C:\Users\2alex\OneDrive\Documents\GitHub\Ethnicity-Inference-2022\ImDB Webcrawling\ImDB Photos/Hayley_ Atwell.jpg
Jack, Lowden,,,,,,,C:\Users\2alex\OneDrive\Documents\GitHub\Ethnicity-Inference-2022\ImDB Webcrawling\ImDB Photos/Jack_ Lowden.jpg
Lea, Thompson,,,,,,,C:\Users\2alex\OneDrive\Documents\GitHub\Ethnicity-Inference-2022\ImDB Webcrawling\ImDB Photos/Lea_ Thompson.jpg
Merle, Dandridge,,,,,,,C:\Users\2alex\OneDrive\Documents\GitHub\Ethnicity-Inference-2022\ImDB Webcrawling\ImDB Photos/Merle_ Dandridge.jpg
Charlie, Murphy,,,,,,,C:\Users\2alex\OneDrive\Documents\GitHub\Ethnicity-Inference-2022\ImDB Webcrawling\ImDB Photos/Charlie_ Murphy.jpg
Halle, Bailey,,,,,,,C:\Users\2alex\OneDrive\Documents\GitHub\Ethnicity-Inference-2022\ImDB Webcrawling\ImDB Photos/Halle_ Bailey.jpg
Gary, Oldman,,,,,,,C:\Users\2alex\OneDrive\Documents\GitHub\Ethnicity-Inference-2022\ImDB Webcrawling\ImDB Photos/Gary_ Oldman.jpg
Samantha, Morton,,,,,,,C:\Users\2alex\OneDrive\Documents\GitHub\Ethnicity-Inference-2022\ImDB Webcrawling\ImDB Photos/Samantha_ Morton.jpg
Gal, Gadot,,,,,,,C:\Users\2alex\OneDrive\Documents\GitHub\Ethnicity-Inference-2022\ImDB Webcrawling\ImDB Photos/Gal_ Gadot.jpg
Denise, Gough,,,,,,,C:\Users\2alex\OneDrive\Documents\GitHub\Ethnicity-Inference-2022\ImDB Webcrawling\ImDB Photos/Denise_ Gough.jpg
Josh, Hartnett,,,,,,,C:\Users\2alex\OneDrive\Documents\GitHub\Ethnicity-Inference-2022\ImDB Webcrawling\ImDB Photos/Josh_ Hartnett.jpg
Yvonne, Strahovski,,,,,,,C:\Users\2alex\OneDrive\Documents\GitHub\Ethnicity-Inference-2022\ImDB Webcrawling\ImDB Photos/Yvonne_ Strahovski.jpg
Andrew, Buchan,,,,,,,C:\Users\2alex\OneDrive\Documents\GitHub\Ethnicity-Inference-2022\ImDB Webcrawling\ImDB Photos/Andrew_ Buchan.jpg
Vin, Diesel,,,,,,,C:\Users\2alex\OneDrive\Documents\GitHub\Ethnicity-Inference-2022\ImDB Webcrawling\ImDB Photos/Vin_ Diesel.jpg
Meghann, Fahy,,,,,,,C:\Users\2alex\OneDrive\Documents\GitHub\Ethnicity-Inference-2022\ImDB Webcrawling\ImDB Photos/Meghann_ Fahy.jpg
Charlie, Hunnam,,,,,,,C:\Users\2alex\OneDrive\Documents\GitHub\Ethnicity-Inference-2022\ImDB Webcrawling\ImDB Photos/Charlie_ Hunnam.jpg
Arnold, Schwarzenegger,,,,,,,C:\Users\2alex\OneDrive\Documents\GitHub\Ethnicity-Inference-2022\ImDB Webcrawling\ImDB Photos/Arnold_ Schwarzenegger.jpg
Idris, Elba,,,,,,,C:\Users\2alex\OneDrive\Documents\GitHub\Ethnicity-Inference-2022\ImDB Webcrawling\ImDB Photos/Idris_ Elba.jpg
Jonathan, Roumie,,,,,,,C:\Users\2alex\OneDrive\Documents\GitHub\Ethnicity-Inference-2022\ImDB Webcrawling\ImDB Photos/Jonathan_ Roumie.jpg
Hayley, Orrantia,,,,,,,C:\Users\2alex\OneDrive\Documents\GitHub\Ethnicity-Inference-2022\ImDB Webcrawling\ImDB Photos/Hayley_ Orrantia.jpg
Corey, Stoll,,,,,,,C:\Users\2alex\OneDrive\Documents\GitHub\Ethnicity-Inference-2022\ImDB Webcrawling\ImDB Photos/Corey_ Stoll.jpg
Hailee, Steinfeld,,,,,,,C:\Users\2alex\OneDrive\Documents\GitHub\Ethnicity-Inference-2022\ImDB Webcrawling\ImDB Photos/Hailee_ Steinfeld.jpg
Amanda, Seyfried,,,,,,,C:\Users\2alex\OneDrive\Documents\GitHub\Ethnicity-Inference-2022\ImDB Webcrawling\ImDB Photos/Amanda_ Seyfried.jpg
Nicholas, Hoult,,,,,,,C:\Users\2alex\OneDrive\Documents\GitHub\Ethnicity-Inference-2022\ImDB Webcrawling\ImDB Photos/Nicholas_ Hoult.jpg
Jack, Nicholson,,,,,,,C:\Users\2alex\OneDrive\Documents\GitHub\Ethnicity-Inference-2022\ImDB Webcrawling\ImDB Photos/Jack_ Nicholson.jpg
Polly, Draper,,,,,,,C:\Users\2alex\OneDrive\Documents\GitHub\Ethnicity-Inference-2022\ImDB Webcrawling\ImDB Photos/Polly_ Draper.jpg
Alan, Ritchson,,,,,,,C:\Users\2alex\OneDrive\Documents\GitHub\Ethnicity-Inference-2022\ImDB Webcrawling\ImDB Photos/Alan_ Ritchson.jpg
John, Krasinski,,,,,,,C:\Users\2alex\OneDrive\Documents\GitHub\Ethnicity-Inference-2022\ImDB Webcrawling\ImDB Photos/John_ Krasinski.jpg
Josh, Duhamel,,,,,,,C:\Users\2alex\OneDrive\Documents\GitHub\Ethnicity-Inference-2022\ImDB Webcrawling\ImDB Photos/Josh_ Duhamel.jpg
Paul, Dano,,,,,,,C:\Users\2alex\OneDrive\Documents\GitHub\Ethnicity-Inference-2022\ImDB Webcrawling\ImDB Photos/Paul_ Dano.jpg
Adrien, Brody,,,,,,,C:\Users\2alex\OneDrive\Documents\GitHub\Ethnicity-Inference-2022\ImDB Webcrawling\ImDB Photos/Adrien_ Brody.jpg
Blake, Lively,,,,,,,C:\Users\2alex\OneDrive\Documents\GitHub\Ethnicity-Inference-2022\ImDB Webcrawling\ImDB Photos/Blake_ Lively.jpg
Michael, Stuhlbarg,,,,,,,C:\Users\2alex\OneDrive\Documents\GitHub\Ethnicity-Inference-2022\ImDB Webcrawling\ImDB Photos/Michael_ Stuhlbarg.jpg
Jason, Bateman,,,,,,,C:\Users\2alex\OneDrive\Documents\GitHub\Ethnicity-Inference-2022\ImDB Webcrawling\ImDB Photos/Jason_ Bateman.jpg
Jennifer, Lopez,,,,,,,C:\Users\2alex\OneDrive\Documents\GitHub\Ethnicity-Inference-2022\ImDB Webcrawling\ImDB Photos/Jennifer_ Lopez.jpg
Peter, Stormare,,,,,,,C:\Users\2alex\OneDrive\Documents\GitHub\Ethnicity-Inference-2022\ImDB Webcrawling\ImDB Photos/Peter_ Stormare.jpg
Kristen, Bell,,,,,,,C:\Users\2alex\OneDrive\Documents\GitHub\Ethnicity-Inference-2022\ImDB Webcrawling\ImDB Photos/Kristen_ Bell.jpg
Shantel, VanSanten,,,,,,,C:\Users\2alex\OneDrive\Documents\GitHub\Ethnicity-Inference-2022\ImDB Webcrawling\ImDB Photos/Shantel_ VanSanten.jpg
Abigail, Breslin,,,,,,,C:\Users\2alex\OneDrive\Documents\GitHub\Ethnicity-Inference-2022\ImDB Webcrawling\ImDB Photos/Abigail_ Breslin.jpg
Lamar, Johnson,,,,,,,C:\Users\2alex\OneDrive\Documents\GitHub\Ethnicity-Inference-2022\ImDB Webcrawling\ImDB Photos/Lamar_ Johnson.jpg
Sarah, Michelle Gellar,,,,,,,C:\Users\2alex\OneDrive\Documents\GitHub\Ethnicity-Inference-2022\ImDB Webcrawling\ImDB Photos/Sarah_ Michelle Gellar.jpg
David, Fincher,,,,,,,C:\Users\2alex\OneDrive\Documents\GitHub\Ethnicity-Inference-2022\ImDB Webcrawling\ImDB Photos/David_ Fincher.jpg
Carey, Mulligan,,,,,,,C:\Users\2alex\OneDrive\Documents\GitHub\Ethnicity-Inference-2022\ImDB Webcrawling\ImDB Photos/Carey_ Mulligan.jpg
Sheila, Carrasco,,,,,,,C:\Users\2alex\OneDrive\Documents\GitHub\Ethnicity-Inference-2022\ImDB Webcrawling\ImDB Photos/Sheila_ Carrasco.jpg
Patrick, Stewart,,,,,,,C:\Users\2alex\OneDrive\Documents\GitHub\Ethnicity-Inference-2022\ImDB Webcrawling\ImDB Photos/Patrick_ Stewart.jpg
Jonah, Hauer-King,,,,,,,C:\Users\2alex\OneDrive\Documents\GitHub\Ethnicity-Inference-2022\ImDB Webcrawling\ImDB Photos/Jonah_ Hauer-King.jpg
Oscar, Isaac,,,,,,,C:\Users\2alex\OneDrive\Documents\GitHub\Ethnicity-Inference-2022\ImDB Webcrawling\ImDB Photos/Oscar_ Isaac.jpg
Amber, Heard,,,,,,,C:\Users\2alex\OneDrive\Documents\GitHub\Ethnicity-Inference-2022\ImDB Webcrawling\ImDB Photos/Amber_ Heard.jpg
Helena, Bonham Carter,,,,,,,C:\Users\2alex\OneDrive\Documents\GitHub\Ethnicity-Inference-2022\ImDB Webcrawling\ImDB Photos/Helena_ Bonham Carter.jpg
Alicia, Silverstone,,,,,,,C:\Users\2alex\OneDrive\Documents\GitHub\Ethnicity-Inference-2022\ImDB Webcrawling\ImDB Photos/Alicia_ Silverstone.jpg
Hero, Fiennes Tiffin,,,,,,,C:\Users\2alex\OneDrive\Documents\GitHub\Ethnicity-Inference-2022\ImDB Webcrawling\ImDB Photos/Hero_ Fiennes Tiffin.jpg
Rita, Moreno,,,,,,,C:\Users\2alex\OneDrive\Documents\GitHub\Ethnicity-Inference-2022\ImDB Webcrawling\ImDB Photos/Rita_ Moreno.jpg
Jen, Landon,,,,,,,C:\Users\2alex\OneDrive\Documents\GitHub\Ethnicity-Inference-2022\ImDB Webcrawling\ImDB Photos/Jen_ Landon.jpg
Caroline, Ford,,,,,,,C:\Users\2alex\OneDrive\Documents\GitHub\Ethnicity-Inference-2022\ImDB Webcrawling\ImDB Photos/Caroline_ Ford.jpg
Chris, Evans,,,,,,,C:\Users\2alex\OneDrive\Documents\GitHub\Ethnicity-Inference-2022\ImDB Webcrawling\ImDB Photos/Chris_ Evans.jpg
Wes, Bentley,,,,,,,C:\Users\2alex\OneDrive\Documents\GitHub\Ethnicity-Inference-2022\ImDB Webcrawling\ImDB Photos/Wes_ Bentley.jpg
Hugh, Jackman,,,,,,,C:\Users\2alex\OneDrive\Documents\GitHub\Ethnicity-Inference-2022\ImDB Webcrawling\ImDB Photos/Hugh_ Jackman.jpg
Nick, Nolte,,,,,,,C:\Users\2alex\OneDrive\Documents\GitHub\Ethnicity-Inference-2022\ImDB Webcrawling\ImDB Photos/Nick_ Nolte.jpg
Danai, Gurira,,,,,,,C:\Users\2alex\OneDrive\Documents\GitHub\Ethnicity-Inference-2022\ImDB Webcrawling\ImDB Photos/Danai_ Gurira.jpg
Sally, Field,,,,,,,C:\Users\2alex\OneDrive\Documents\GitHub\Ethnicity-Inference-2022\ImDB Webcrawling\ImDB Photos/Sally_ Field.jpg
Gina, Carano,,,,,,,C:\Users\2alex\OneDrive\Documents\GitHub\Ethnicity-Inference-2022\ImDB Webcrawling\ImDB Photos/Gina_ Carano.jpg
Jena, Malone,,,,,,,C:\Users\2alex\OneDrive\Documents\GitHub\Ethnicity-Inference-2022\ImDB Webcrawling\ImDB Photos/Jena_ Malone.jpg
Lilli, Kay,,,,,,,C:\Users\2alex\OneDrive\Documents\GitHub\Ethnicity-Inference-2022\ImDB Webcrawling\ImDB Photos/Lilli_ Kay.jpg
