First Name,Last Name,Image URL,School
Annie,Roeser,https://caes.ucdavis.edu/sites/g/files/dgvnsk1721/files/styles/sf_thumbnail/public/media/images/AnnieRoeser-%20resized.jpg?h=964630c6&itok=AZ0RquBN,University of California - Davis
Jason,Bond,https://caes.ucdavis.edu/sites/g/files/dgvnsk1721/files/styles/sf_thumbnail/public/media/images/Jason.png?h=854f7174&itok=2Xzf2spy,University of California - Davis
Helene,Dillard,https://caes.ucdavis.edu/sites/g/files/dgvnsk1721/files/styles/sf_thumbnail/public/media/images/Helene-Dillard.png?h=223bf7c1&itok=L7oVB5Oh,University of California - Davis
Susan,Ebeler,https://caes.ucdavis.edu/sites/g/files/dgvnsk1721/files/styles/sf_thumbnail/public/media/images/Sue.png?h=520b52a5&itok=vnK3dLyG,University of California - Davis
Penny,Herbert,https://caes.ucdavis.edu/sites/g/files/dgvnsk1721/files/styles/sf_thumbnail/public/images/person/d4523292-f4d2-4c48-b4b1-9410975cf3f7.jpeg?h=589f4bad&itok=KefMyNUJ,University of California - Davis
Marcel,Holyoak,https://caes.ucdavis.edu/sites/g/files/dgvnsk1721/files/styles/sf_thumbnail/public/media/images/Marcel.png?h=228ada39&itok=2jYYbFpo,University of California - Davis
Ermias,Kebreab,https://caes.ucdavis.edu/sites/g/files/dgvnsk1721/files/styles/sf_thumbnail/public/media/images/A5-Ermias-UCD.png?h=b75f3d6a&itok=mDf_8XDM,University of California - Davis
Brian,McEligot,https://caes.ucdavis.edu/sites/g/files/dgvnsk1721/files/styles/sf_thumbnail/public/media/images/BrianMcEligot-00842.png?h=92607b26&itok=iqkE5A2X,University of California - Davis
Anita,Oberbauer,https://caes.ucdavis.edu/sites/g/files/dgvnsk1721/files/styles/sf_thumbnail/public/media/images/Anita.png?h=b2356cde&itok=RMnfmhkA,University of California - Davis
Patsy,Owens,https://caes.ucdavis.edu/sites/g/files/dgvnsk1721/files/styles/sf_thumbnail/public/media/images/Patsy.png?h=5cb565c3&itok=QmzrKoG6,University of California - Davis
Ronald,Tjeerdema,https://caes.ucdavis.edu/sites/g/files/dgvnsk1721/files/styles/sf_thumbnail/public/images/person/rtjeerma.png?h=41f8cf6d&itok=Jpei02m-,University of California - Davis
Steffen,Abel,https://caes.ucdavis.edu/sites/g/files/dgvnsk1721/files/styles/sf_thumbnail/public/inline-images/profiletemplate.png?h=2a479378&itok=jXups6pM,University of California - Davis
Douglas,Adams,https://caes.ucdavis.edu/sites/g/files/dgvnsk1721/files/styles/sf_thumbnail/public/inline-images/profiletemplate.png?h=2a479378&itok=jXups6pM,University of California - Davis
Thomas,Adams,https://caes.ucdavis.edu/sites/g/files/dgvnsk1721/files/styles/sf_thumbnail/public/inline-images/profiletemplate.png?h=2a479378&itok=jXups6pM,University of California - Davis
Husein,Ajwa,https://caes.ucdavis.edu/sites/g/files/dgvnsk1721/files/styles/sf_thumbnail/public/inline-images/profiletemplate.png?h=2a479378&itok=jXups6pM,University of California - Davis
Lindsay,Allen,https://caes.ucdavis.edu/sites/g/files/dgvnsk1721/files/styles/sf_thumbnail/public/media/images/Lindsay_Allen.jpeg?h=345be249&itok=JOkJYDEy,University of California - Davis
Julian,Alston,https://caes.ucdavis.edu/sites/g/files/dgvnsk1721/files/styles/sf_thumbnail/public/images/person/alston_julian.jpg__175x210_q85_crop_subject_location-621%2C879_subsampling-2_upscale.jpg?h=24111c55&itok=KXM7BQDa,University of California - Davis
D,Anderson,https://caes.ucdavis.edu/sites/g/files/dgvnsk1721/files/styles/sf_thumbnail/public/inline-images/profiletemplate.png?h=2a479378&itok=jXups6pM,University of California - Davis
Gary,Anderson,https://caes.ucdavis.edu/sites/g/files/dgvnsk1721/files/styles/sf_thumbnail/public/inline-images/profiletemplate.png?h=2a479378&itok=jXups6pM,University of California - Davis
Liz,Applegate,https://caes.ucdavis.edu/sites/g/files/dgvnsk1721/files/styles/sf_thumbnail/public/inline-images/profiletemplate.png?h=2a479378&itok=jXups6pM,University of California - Davis
Stanley,Artz,https://caes.ucdavis.edu/sites/g/files/dgvnsk1721/files/styles/sf_thumbnail/public/inline-images/profiletemplate.png?h=2a479378&itok=jXups6pM,University of California - Davis
Robert,Ashmore,https://caes.ucdavis.edu/sites/g/files/dgvnsk1721/files/styles/sf_thumbnail/public/inline-images/profiletemplate.png?h=2a479378&itok=jXups6pM,University of California - Davis
Charles,Bamforth,https://caes.ucdavis.edu/sites/g/files/dgvnsk1721/files/styles/sf_thumbnail/public/inline-images/profiletemplate.png?h=2a479378&itok=jXups6pM,University of California - Davis
Everett,Bandman,https://caes.ucdavis.edu/sites/g/files/dgvnsk1721/files/styles/sf_thumbnail/public/inline-images/profiletemplate.png?h=2a479378&itok=jXups6pM,University of California - Davis
Michael,Barbour,https://caes.ucdavis.edu/sites/g/files/dgvnsk1721/files/styles/sf_thumbnail/public/inline-images/profiletemplate.png?h=2a479378&itok=jXups6pM,University of California - Davis
Marylynn,Barkley,https://caes.ucdavis.edu/sites/g/files/dgvnsk1721/files/styles/sf_thumbnail/public/inline-images/profiletemplate.png?h=2a479378&itok=jXups6pM,University of California - Davis
Diane,Barrett,https://caes.ucdavis.edu/sites/g/files/dgvnsk1721/files/styles/sf_thumbnail/public/inline-images/profiletemplate.png?h=2a479378&itok=jXups6pM,University of California - Davis
Keith,Barton,https://caes.ucdavis.edu/sites/g/files/dgvnsk1721/files/styles/sf_thumbnail/public/inline-images/profiletemplate.png?h=2a479378&itok=jXups6pM,University of California - Davis
Paul,Baumann,https://caes.ucdavis.edu/sites/g/files/dgvnsk1721/files/styles/sf_thumbnail/public/inline-images/profiletemplate.png?h=2a479378&itok=jXups6pM,University of California - Davis
David,Bayer,https://caes.ucdavis.edu/sites/g/files/dgvnsk1721/files/styles/sf_thumbnail/public/inline-images/profiletemplate.png?h=2a479378&itok=jXups6pM,University of California - Davis
Jay,Belsky,https://caes.ucdavis.edu/sites/g/files/dgvnsk1721/files/styles/sf_thumbnail/public/media/images/Jay_Belsky.jpg?h=88e22dcc&itok=I0vnlGYh,University of California - Davis
Alison,Berry,https://caes.ucdavis.edu/sites/g/files/dgvnsk1721/files/styles/sf_thumbnail/public/inline-images/profiletemplate.png?h=2a479378&itok=jXups6pM,University of California - Davis
Steven,Berry,https://caes.ucdavis.edu/sites/g/files/dgvnsk1721/files/styles/sf_thumbnail/public/inline-images/profiletemplate.png?h=2a479378&itok=jXups6pM,University of California - Davis
Richard,Berteaux,https://caes.ucdavis.edu/sites/g/files/dgvnsk1721/files/styles/sf_thumbnail/public/inline-images/profiletemplate.png?h=2a479378&itok=jXups6pM,University of California - Davis
Linda,Bisson,https://caes.ucdavis.edu/sites/g/files/dgvnsk1721/files/styles/sf_thumbnail/public/inline-images/profiletemplate.png?h=2a479378&itok=jXups6pM,University of California - Davis
Steven,Blank,https://caes.ucdavis.edu/sites/g/files/dgvnsk1721/files/styles/sf_thumbnail/public/inline-images/profiletemplate.png?h=2a479378&itok=jXups6pM,University of California - Davis
Caroline,Bledsoe,https://caes.ucdavis.edu/sites/g/files/dgvnsk1721/files/styles/sf_thumbnail/public/inline-images/profiletemplate.png?h=2a479378&itok=jXups6pM,University of California - Davis
Fredrick,Bliss,https://caes.ucdavis.edu/sites/g/files/dgvnsk1721/files/styles/sf_thumbnail/public/inline-images/profiletemplate.png?h=2a479378&itok=jXups6pM,University of California - Davis
James,Boda,https://caes.ucdavis.edu/sites/g/files/dgvnsk1721/files/styles/sf_thumbnail/public/inline-images/profiletemplate.png?h=2a479378&itok=jXups6pM,University of California - Davis
Louis,Botsford,https://caes.ucdavis.edu/sites/g/files/dgvnsk1721/files/styles/sf_thumbnail/public/inline-images/profiletemplate.png?h=2a479378&itok=jXups6pM,University of California - Davis
Roger,Boulton,https://caes.ucdavis.edu/sites/g/files/dgvnsk1721/files/styles/sf_thumbnail/public/inline-images/profiletemplate.png?h=2a479378&itok=jXups6pM,University of California - Davis
Kent,Bradford,https://caes.ucdavis.edu/sites/g/files/dgvnsk1721/files/styles/sf_thumbnail/public/inline-images/profiletemplate.png?h=2a479378&itok=jXups6pM,University of California - Davis
Francine,Bradley,https://caes.ucdavis.edu/sites/g/files/dgvnsk1721/files/styles/sf_thumbnail/public/inline-images/profiletemplate.png?h=2a479378&itok=jXups6pM,University of California - Davis
R,Breidenbach,https://caes.ucdavis.edu/sites/g/files/dgvnsk1721/files/styles/sf_thumbnail/public/inline-images/profiletemplate.png?h=2a479378&itok=jXups6pM,University of California - Davis
Kenneth,Brown,https://caes.ucdavis.edu/sites/g/files/dgvnsk1721/files/styles/sf_thumbnail/public/inline-images/profiletemplate.png?h=2a479378&itok=jXups6pM,University of California - Davis
George,Bruening,https://caes.ucdavis.edu/sites/g/files/dgvnsk1721/files/styles/sf_thumbnail/public/inline-images/profiletemplate.png?h=2a479378&itok=jXups6pM,University of California - Davis
Christine,Bruhn,https://caes.ucdavis.edu/sites/g/files/dgvnsk1721/files/styles/sf_thumbnail/public/inline-images/profiletemplate.png?h=2a479378&itok=jXups6pM,University of California - Davis
John,Bruhn,https://caes.ucdavis.edu/sites/g/files/dgvnsk1721/files/styles/sf_thumbnail/public/inline-images/profiletemplate.png?h=2a479378&itok=jXups6pM,University of California - Davis
Steve,Brush,https://caes.ucdavis.edu/sites/g/files/dgvnsk1721/files/styles/sf_thumbnail/public/inline-images/profiletemplate.png?h=2a479378&itok=jXups6pM,University of California - Davis
Ivan,Buddenhagen,https://caes.ucdavis.edu/sites/g/files/dgvnsk1721/files/styles/sf_thumbnail/public/inline-images/profiletemplate.png?h=2a479378&itok=jXups6pM,University of California - Davis
David,Burger,https://caes.ucdavis.edu/sites/g/files/dgvnsk1721/files/styles/sf_thumbnail/public/inline-images/profiletemplate.png?h=2a479378&itok=jXups6pM,University of California - Davis
Frances,Butler,https://caes.ucdavis.edu/sites/g/files/dgvnsk1721/files/styles/sf_thumbnail/public/inline-images/profiletemplate.png?h=2a479378&itok=jXups6pM,University of California - Davis
Chris,Calvert,https://caes.ucdavis.edu/sites/g/files/dgvnsk1721/files/styles/sf_thumbnail/public/inline-images/profiletemplate.png?h=2a479378&itok=jXups6pM,University of California - Davis
David,Campbell,https://caes.ucdavis.edu/sites/g/files/dgvnsk1721/files/styles/sf_thumbnail/public/images/person/dcampbell.png?h=41f8cf6d&itok=uu3d0_bt,University of California - Davis
Marita,Cantwell,https://caes.ucdavis.edu/sites/g/files/dgvnsk1721/files/styles/sf_thumbnail/public/inline-images/profiletemplate.png?h=2a479378&itok=jXups6pM,University of California - Davis
Hoy,Carman,https://caes.ucdavis.edu/sites/g/files/dgvnsk1721/files/styles/sf_thumbnail/public/inline-images/profiletemplate.png?h=2a479378&itok=jXups6pM,University of California - Davis
Tim,Caro,https://caes.ucdavis.edu/sites/g/files/dgvnsk1721/files/styles/sf_thumbnail/public/inline-images/profiletemplate.png?h=2a479378&itok=jXups6pM,University of California - Davis
J,Carroll,https://caes.ucdavis.edu/sites/g/files/dgvnsk1721/files/styles/sf_thumbnail/public/inline-images/profiletemplate.png?h=2a479378&itok=jXups6pM,University of California - Davis
Paul,Castelfranco,https://caes.ucdavis.edu/sites/g/files/dgvnsk1721/files/styles/sf_thumbnail/public/inline-images/profiletemplate.png?h=2a479378&itok=jXups6pM,University of California - Davis
Edward,Caswell-Chen,https://caes.ucdavis.edu/sites/g/files/dgvnsk1721/files/styles/sf_thumbnail/public/inline-images/profiletemplate.png?h=2a479378&itok=jXups6pM,University of California - Davis
J,Cech,https://caes.ucdavis.edu/sites/g/files/dgvnsk1721/files/styles/sf_thumbnail/public/inline-images/profiletemplate.png?h=2a479378&itok=jXups6pM,University of California - Davis
James,Chalfant,https://caes.ucdavis.edu/sites/g/files/dgvnsk1721/files/styles/sf_thumbnail/public/inline-images/profiletemplate.png?h=2a479378&itok=jXups6pM,University of California - Davis
Leo,Chalupa,https://caes.ucdavis.edu/sites/g/files/dgvnsk1721/files/styles/sf_thumbnail/public/inline-images/profiletemplate.png?h=2a479378&itok=jXups6pM,University of California - Davis
Ernest,Chang,https://caes.ucdavis.edu/sites/g/files/dgvnsk1721/files/styles/sf_thumbnail/public/inline-images/profiletemplate.png?h=2a479378&itok=jXups6pM,University of California - Davis
Pictiaw,Chen,https://caes.ucdavis.edu/sites/g/files/dgvnsk1721/files/styles/sf_thumbnail/public/inline-images/profiletemplate.png?h=2a479378&itok=jXups6pM,University of California - Davis
Gary,Cherr,https://caes.ucdavis.edu/sites/g/files/dgvnsk1721/files/styles/sf_thumbnail/public/inline-images/profiletemplate.png?h=2a479378&itok=jXups6pM,University of California - Davis
Jim,Clawson,https://caes.ucdavis.edu/sites/g/files/dgvnsk1721/files/styles/sf_thumbnail/public/inline-images/profiletemplate.png?h=2a479378&itok=jXups6pM,University of California - Davis
James,Clegg,https://caes.ucdavis.edu/sites/g/files/dgvnsk1721/files/styles/sf_thumbnail/public/inline-images/profiletemplate.png?h=2a479378&itok=jXups6pM,University of California - Davis
Andrew,Clifford,https://caes.ucdavis.edu/sites/g/files/dgvnsk1721/files/styles/sf_thumbnail/public/inline-images/profiletemplate.png?h=2a479378&itok=jXups6pM,University of California - Davis
Katherine,Conger,https://caes.ucdavis.edu/sites/g/files/dgvnsk1721/files/styles/sf_thumbnail/public/inline-images/profiletemplate.png?h=2a479378&itok=jXups6pM,University of California - Davis
Rand,Conger,https://caes.ucdavis.edu/sites/g/files/dgvnsk1721/files/styles/sf_thumbnail/public/inline-images/profiletemplate.png?h=2a479378&itok=jXups6pM,University of California - Davis
Douglas,Conklin,https://caes.ucdavis.edu/sites/g/files/dgvnsk1721/files/styles/sf_thumbnail/public/inline-images/profiletemplate.png?h=2a479378&itok=jXups6pM,University of California - Davis
Roberta,Cook,https://caes.ucdavis.edu/sites/g/files/dgvnsk1721/files/styles/sf_thumbnail/public/inline-images/profiletemplate.png?h=2a479378&itok=jXups6pM,University of California - Davis
Howard,Cornell,https://caes.ucdavis.edu/sites/g/files/dgvnsk1721/files/styles/sf_thumbnail/public/inline-images/profiletemplate.png?h=2a479378&itok=jXups6pM,University of California - Davis
Arthur,Craigmill,https://caes.ucdavis.edu/sites/g/files/dgvnsk1721/files/styles/sf_thumbnail/public/inline-images/profiletemplate.png?h=2a479378&itok=jXups6pM,University of California - Davis
Peter,Cranston,https://caes.ucdavis.edu/sites/g/files/dgvnsk1721/files/styles/sf_thumbnail/public/inline-images/profiletemplate.png?h=2a479378&itok=jXups6pM,University of California - Davis
D,Crosby,https://caes.ucdavis.edu/sites/g/files/dgvnsk1721/files/styles/sf_thumbnail/public/inline-images/profiletemplate.png?h=2a479378&itok=jXups6pM,University of California - Davis
John,Crowe,https://caes.ucdavis.edu/sites/g/files/dgvnsk1721/files/styles/sf_thumbnail/public/inline-images/profiletemplate.png?h=2a479378&itok=jXups6pM,University of California - Davis
Randy,Dahlgren,https://caes.ucdavis.edu/sites/g/files/dgvnsk1721/files/styles/sf_thumbnail/public/inline-images/profiletemplate.png?h=2a479378&itok=jXups6pM,University of California - Davis
Michael,Dahmus,https://caes.ucdavis.edu/sites/g/files/dgvnsk1721/files/styles/sf_thumbnail/public/inline-images/profiletemplate.png?h=2a479378&itok=jXups6pM,University of California - Davis
Mike,Davis,https://caes.ucdavis.edu/sites/g/files/dgvnsk1721/files/styles/sf_thumbnail/public/inline-images/profiletemplate.png?h=2a479378&itok=jXups6pM,University of California - Davis
Paul,Davis,https://caes.ucdavis.edu/sites/g/files/dgvnsk1721/files/styles/sf_thumbnail/public/inline-images/profiletemplate.png?h=2a479378&itok=jXups6pM,University of California - Davis
Theodore,DeJong,https://caes.ucdavis.edu/sites/g/files/dgvnsk1721/files/styles/sf_thumbnail/public/inline-images/profiletemplate.png?h=2a479378&itok=jXups6pM,University of California - Davis
Deborah,Delmer,https://caes.ucdavis.edu/sites/g/files/dgvnsk1721/files/styles/sf_thumbnail/public/inline-images/profiletemplate.png?h=2a479378&itok=jXups6pM,University of California - Davis
Michael,Delwiche,https://caes.ucdavis.edu/sites/g/files/dgvnsk1721/files/styles/sf_thumbnail/public/inline-images/profiletemplate.png?h=2a479378&itok=jXups6pM,University of California - Davis
Montague,Demment,https://caes.ucdavis.edu/sites/g/files/dgvnsk1721/files/styles/sf_thumbnail/public/inline-images/profiletemplate.png?h=2a479378&itok=jXups6pM,University of California - Davis
Michael,Denison,https://caes.ucdavis.edu/sites/g/files/dgvnsk1721/files/styles/sf_thumbnail/public/inline-images/profiletemplate.png?h=2a479378&itok=jXups6pM,University of California - Davis
R,Denison,https://caes.ucdavis.edu/sites/g/files/dgvnsk1721/files/styles/sf_thumbnail/public/inline-images/profiletemplate.png?h=2a479378&itok=jXups6pM,University of California - Davis
C,Dewees,https://caes.ucdavis.edu/sites/g/files/dgvnsk1721/files/styles/sf_thumbnail/public/inline-images/profiletemplate.png?h=2a479378&itok=jXups6pM,University of California - Davis
Kathryn,Dewey,https://caes.ucdavis.edu/sites/g/files/dgvnsk1721/files/styles/sf_thumbnail/public/inline-images/profiletemplate.png?h=2a479378&itok=jXups6pM,University of California - Davis
Hugh,Dingle,https://caes.ucdavis.edu/sites/g/files/dgvnsk1721/files/styles/sf_thumbnail/public/inline-images/profiletemplate.png?h=2a479378&itok=jXups6pM,University of California - Davis
Joseph,DiTomaso,https://caes.ucdavis.edu/sites/g/files/dgvnsk1721/files/styles/sf_thumbnail/public/inline-images/profiletemplate.png?h=2a479378&itok=jXups6pM,University of California - Davis
S,Doroshov,https://caes.ucdavis.edu/sites/g/files/dgvnsk1721/files/styles/sf_thumbnail/public/inline-images/profiletemplate.png?h=2a479378&itok=jXups6pM,University of California - Davis
John,Dunbar,https://caes.ucdavis.edu/sites/g/files/dgvnsk1721/files/styles/sf_thumbnail/public/inline-images/profiletemplate.png?h=2a479378&itok=jXups6pM,University of California - Davis
John,Duniway,https://caes.ucdavis.edu/sites/g/files/dgvnsk1721/files/styles/sf_thumbnail/public/inline-images/profiletemplate.png?h=2a479378&itok=jXups6pM,University of California - Davis
Don,Durzan,https://caes.ucdavis.edu/sites/g/files/dgvnsk1721/files/styles/sf_thumbnail/public/inline-images/profiletemplate.png?h=2a479378&itok=jXups6pM,University of California - Davis
John,Edman,https://caes.ucdavis.edu/sites/g/files/dgvnsk1721/files/styles/sf_thumbnail/public/inline-images/profiletemplate.png?h=2a479378&itok=jXups6pM,University of California - Davis
Bruce,Eldridge,https://caes.ucdavis.edu/sites/g/files/dgvnsk1721/files/styles/sf_thumbnail/public/inline-images/profiletemplate.png?h=2a479378&itok=jXups6pM,University of California - Davis
Deborah,Elliott-Fisk,https://caes.ucdavis.edu/sites/g/files/dgvnsk1721/files/styles/sf_thumbnail/public/inline-images/profiletemplate.png?h=2a479378&itok=jXups6pM,University of California - Davis
Clyde,Elmore,https://caes.ucdavis.edu/sites/g/files/dgvnsk1721/files/styles/sf_thumbnail/public/inline-images/profiletemplate.png?h=2a479378&itok=jXups6pM,University of California - Davis
E,Epstein,https://caes.ucdavis.edu/sites/g/files/dgvnsk1721/files/styles/sf_thumbnail/public/inline-images/profiletemplate.png?h=2a479378&itok=jXups6pM,University of California - Davis
Lynn,Epstein,https://caes.ucdavis.edu/sites/g/files/dgvnsk1721/files/styles/sf_thumbnail/public/inline-images/profiletemplate.png?h=2a479378&itok=jXups6pM,University of California - Davis
Don,Erman,https://caes.ucdavis.edu/sites/g/files/dgvnsk1721/files/styles/sf_thumbnail/public/inline-images/profiletemplate.png?h=2a479378&itok=jXups6pM,University of California - Davis
Nancy,Erman,https://caes.ucdavis.edu/sites/g/files/dgvnsk1721/files/styles/sf_thumbnail/public/inline-images/profiletemplate.png?h=2a479378&itok=jXups6pM,University of California - Davis
Ralph,Ernst,https://caes.ucdavis.edu/sites/g/files/dgvnsk1721/files/styles/sf_thumbnail/public/inline-images/profiletemplate.png?h=2a479378&itok=jXups6pM,University of California - Davis
Richard,Evans,https://caes.ucdavis.edu/sites/g/files/dgvnsk1721/files/styles/sf_thumbnail/public/inline-images/profiletemplate.png?h=2a479378&itok=jXups6pM,University of California - Davis
Thomas,Famula,https://caes.ucdavis.edu/sites/g/files/dgvnsk1721/files/styles/sf_thumbnail/public/inline-images/profiletemplate.png?h=2a479378&itok=jXups6pM,University of California - Davis
Yeganeh,Farzin,https://caes.ucdavis.edu/sites/g/files/dgvnsk1721/files/styles/sf_thumbnail/public/inline-images/profiletemplate.png?h=2a479378&itok=jXups6pM,University of California - Davis
Howard,Ferris,https://caes.ucdavis.edu/sites/g/files/dgvnsk1721/files/styles/sf_thumbnail/public/inline-images/profiletemplate.png?h=2a479378&itok=jXups6pM,University of California - Davis
Albert,Fischer,https://caes.ucdavis.edu/sites/g/files/dgvnsk1721/files/styles/sf_thumbnail/public/inline-images/profiletemplate.png?h=2a479378&itok=jXups6pM,University of California - Davis
E,Fitzhugh,https://caes.ucdavis.edu/sites/g/files/dgvnsk1721/files/styles/sf_thumbnail/public/inline-images/profiletemplate.png?h=2a479378&itok=jXups6pM,University of California - Davis
Mary,Flint,https://caes.ucdavis.edu/sites/g/files/dgvnsk1721/files/styles/sf_thumbnail/public/inline-images/profiletemplate.png?h=2a479378&itok=jXups6pM,University of California - Davis
Robert,Flocchini,https://caes.ucdavis.edu/sites/g/files/dgvnsk1721/files/styles/sf_thumbnail/public/inline-images/profiletemplate.png?h=2a479378&itok=jXups6pM,University of California - Davis
Theodore,Foin,https://caes.ucdavis.edu/sites/g/files/dgvnsk1721/files/styles/sf_thumbnail/public/inline-images/profiletemplate.png?h=2a479378&itok=jXups6pM,University of California - Davis
Mark,Francis,https://caes.ucdavis.edu/sites/g/files/dgvnsk1721/files/styles/sf_thumbnail/public/inline-images/profiletemplate.png?h=2a479378&itok=jXups6pM,University of California - Davis
Graham,Gall,https://caes.ucdavis.edu/sites/g/files/dgvnsk1721/files/styles/sf_thumbnail/public/inline-images/profiletemplate.png?h=2a479378&itok=jXups6pM,University of California - Davis
Roger,Garrett,https://caes.ucdavis.edu/sites/g/files/dgvnsk1721/files/styles/sf_thumbnail/public/inline-images/profiletemplate.png?h=2a479378&itok=jXups6pM,University of California - Davis
Norman,Gary,https://caes.ucdavis.edu/sites/g/files/dgvnsk1721/files/styles/sf_thumbnail/public/inline-images/profiletemplate.png?h=2a479378&itok=jXups6pM,University of California - Davis
Melvin,George,https://caes.ucdavis.edu/sites/g/files/dgvnsk1721/files/styles/sf_thumbnail/public/inline-images/profiletemplate.png?h=2a479378&itok=jXups6pM,University of California - Davis
David,Gilchrist,https://caes.ucdavis.edu/sites/g/files/dgvnsk1721/files/styles/sf_thumbnail/public/inline-images/profiletemplate.png?h=2a479378&itok=jXups6pM,University of California - Davis
D.,Giles,https://caes.ucdavis.edu/sites/g/files/dgvnsk1721/files/styles/sf_thumbnail/public/inline-images/profiletemplate.png?h=2a479378&itok=jXups6pM,University of California - Davis
David,Goldhamer,https://caes.ucdavis.edu/sites/g/files/dgvnsk1721/files/styles/sf_thumbnail/public/inline-images/profiletemplate.png?h=2a479378&itok=jXups6pM,University of California - Davis
Charles,Goldman,https://caes.ucdavis.edu/sites/g/files/dgvnsk1721/files/styles/sf_thumbnail/public/inline-images/profiletemplate.png?h=2a479378&itok=jXups6pM,University of California - Davis
Mari,Golub,https://caes.ucdavis.edu/sites/g/files/dgvnsk1721/files/styles/sf_thumbnail/public/inline-images/profiletemplate.png?h=2a479378&itok=jXups6pM,University of California - Davis
Thomas,Gordon,https://caes.ucdavis.edu/sites/g/files/dgvnsk1721/files/styles/sf_thumbnail/public/inline-images/profiletemplate.png?h=2a479378&itok=jXups6pM,University of California - Davis
John,Goss,https://caes.ucdavis.edu/sites/g/files/dgvnsk1721/files/styles/sf_thumbnail/public/inline-images/profiletemplate.png?h=2a479378&itok=jXups6pM,University of California - Davis
Sham,Goyal,https://caes.ucdavis.edu/sites/g/files/dgvnsk1721/files/styles/sf_thumbnail/public/inline-images/profiletemplate.png?h=2a479378&itok=jXups6pM,University of California - Davis
Jeffrey,Granett,https://caes.ucdavis.edu/sites/g/files/dgvnsk1721/files/styles/sf_thumbnail/public/inline-images/profiletemplate.png?h=2a479378&itok=jXups6pM,University of California - Davis
Stephen,Grattan,https://caes.ucdavis.edu/sites/g/files/dgvnsk1721/files/styles/sf_thumbnail/public/inline-images/profiletemplate.png?h=2a479378&itok=jXups6pM,University of California - Davis
Richard,Green,https://caes.ucdavis.edu/sites/g/files/dgvnsk1721/files/styles/sf_thumbnail/public/inline-images/profiletemplate.png?h=2a479378&itok=jXups6pM,University of California - Davis
Mrc,Greenwood,https://caes.ucdavis.edu/sites/g/files/dgvnsk1721/files/styles/sf_thumbnail/public/inline-images/profiletemplate.png?h=2a479378&itok=jXups6pM,University of California - Davis
James,Grieshop,https://caes.ucdavis.edu/sites/g/files/dgvnsk1721/files/styles/sf_thumbnail/public/inline-images/profiletemplate.png?h=2a479378&itok=jXups6pM,University of California - Davis
A,Grigarick,https://caes.ucdavis.edu/sites/g/files/dgvnsk1721/files/styles/sf_thumbnail/public/inline-images/profiletemplate.png?h=2a479378&itok=jXups6pM,University of California - Davis
Donald,Grimes,https://caes.ucdavis.edu/sites/g/files/dgvnsk1721/files/styles/sf_thumbnail/public/inline-images/profiletemplate.png?h=2a479378&itok=jXups6pM,University of California - Davis
Louis,Grivetti,https://caes.ucdavis.edu/sites/g/files/dgvnsk1721/files/styles/sf_thumbnail/public/inline-images/profiletemplate.png?h=2a479378&itok=jXups6pM,University of California - Davis
Penelope,Gullan,https://caes.ucdavis.edu/sites/g/files/dgvnsk1721/files/styles/sf_thumbnail/public/inline-images/profiletemplate.png?h=2a479378&itok=jXups6pM,University of California - Davis
Blaine,Hanson,https://caes.ucdavis.edu/sites/g/files/dgvnsk1721/files/styles/sf_thumbnail/public/inline-images/profiletemplate.png?h=2a479378&itok=jXups6pM,University of California - Davis
Shermain,Hardesty,https://caes.ucdavis.edu/sites/g/files/dgvnsk1721/files/styles/sf_thumbnail/public/inline-images/profiletemplate.png?h=2a479378&itok=jXups6pM,University of California - Davis
James,Harding,https://caes.ucdavis.edu/sites/g/files/dgvnsk1721/files/styles/sf_thumbnail/public/inline-images/profiletemplate.png?h=2a479378&itok=jXups6pM,University of California - Davis
Larry,Harper,https://caes.ucdavis.edu/sites/g/files/dgvnsk1721/files/styles/sf_thumbnail/public/inline-images/profiletemplate.png?h=2a479378&itok=jXups6pM,University of California - Davis
Bruce,Hartsough,https://caes.ucdavis.edu/sites/g/files/dgvnsk1721/files/styles/sf_thumbnail/public/inline-images/profiletemplate.png?h=2a479378&itok=jXups6pM,University of California - Davis
Timothy,Hartz,https://caes.ucdavis.edu/sites/g/files/dgvnsk1721/files/styles/sf_thumbnail/public/inline-images/profiletemplate.png?h=2a479378&itok=jXups6pM,University of California - Davis
Alan,Hastings,https://caes.ucdavis.edu/sites/g/files/dgvnsk1721/files/styles/sf_thumbnail/public/inline-images/profiletemplate.png?h=2a479378&itok=jXups6pM,University of California - Davis
Arthur,Havenner,https://caes.ucdavis.edu/sites/g/files/dgvnsk1721/files/styles/sf_thumbnail/public/inline-images/profiletemplate.png?h=2a479378&itok=jXups6pM,University of California - Davis
Jerry,Hedrick,https://caes.ucdavis.edu/sites/g/files/dgvnsk1721/files/styles/sf_thumbnail/public/inline-images/profiletemplate.png?h=2a479378&itok=jXups6pM,University of California - Davis
James,Hill,https://caes.ucdavis.edu/sites/g/files/dgvnsk1721/files/styles/sf_thumbnail/public/images/person/Jim%202.jpg?h=345be249&itok=M_X7XXdf,University of California - Davis
David,Hills,https://caes.ucdavis.edu/sites/g/files/dgvnsk1721/files/styles/sf_thumbnail/public/inline-images/profiletemplate.png?h=2a479378&itok=jXups6pM,University of California - Davis
Frank,Hirtz,https://caes.ucdavis.edu/sites/g/files/dgvnsk1721/files/styles/sf_thumbnail/public/inline-images/profiletemplate.png?h=2a479378&itok=jXups6pM,University of California - Davis
Jan,Hopmans,https://caes.ucdavis.edu/sites/g/files/dgvnsk1721/files/styles/sf_thumbnail/public/images/person/jhopmans.png?h=41f8cf6d&itok=6re-QFAd,University of California - Davis
John,Horowitz,https://caes.ucdavis.edu/sites/g/files/dgvnsk1721/files/styles/sf_thumbnail/public/inline-images/profiletemplate.png?h=2a479378&itok=jXups6pM,University of California - Davis
Richard,Howitt,https://caes.ucdavis.edu/sites/g/files/dgvnsk1721/files/styles/sf_thumbnail/public/inline-images/profiletemplate.png?h=2a479378&itok=jXups6pM,University of California - Davis
T,Hsiao,https://caes.ucdavis.edu/sites/g/files/dgvnsk1721/files/styles/sf_thumbnail/public/inline-images/profiletemplate.png?h=2a479378&itok=jXups6pM,University of California - Davis
Nancy,Hudson,https://caes.ucdavis.edu/sites/g/files/dgvnsk1721/files/styles/sf_thumbnail/public/inline-images/profiletemplate.png?h=2a479378&itok=jXups6pM,University of California - Davis
R,Huffaker,https://caes.ucdavis.edu/sites/g/files/dgvnsk1721/files/styles/sf_thumbnail/public/inline-images/profiletemplate.png?h=2a479378&itok=jXups6pM,University of California - Davis
Theodore,Hullar,https://caes.ucdavis.edu/sites/g/files/dgvnsk1721/files/styles/sf_thumbnail/public/inline-images/profiletemplate.png?h=2a479378&itok=jXups6pM,University of California - Davis
Silas,Hung,https://caes.ucdavis.edu/sites/g/files/dgvnsk1721/files/styles/sf_thumbnail/public/inline-images/profiletemplate.png?h=2a479378&itok=jXups6pM,University of California - Davis
J,Ingraham,https://caes.ucdavis.edu/sites/g/files/dgvnsk1721/files/styles/sf_thumbnail/public/inline-images/profiletemplate.png?h=2a479378&itok=jXups6pM,University of California - Davis
Keith,Ito,https://caes.ucdavis.edu/sites/g/files/dgvnsk1721/files/styles/sf_thumbnail/public/inline-images/profiletemplate.png?h=2a479378&itok=jXups6pM,University of California - Davis
John,Ives,https://caes.ucdavis.edu/sites/g/files/dgvnsk1721/files/styles/sf_thumbnail/public/inline-images/profiletemplate.png?h=2a479378&itok=jXups6pM,University of California - Davis
Leland,Jackson,https://caes.ucdavis.edu/sites/g/files/dgvnsk1721/files/styles/sf_thumbnail/public/inline-images/profiletemplate.png?h=2a479378&itok=jXups6pM,University of California - Davis
Louise,Jackson,https://caes.ucdavis.edu/sites/g/files/dgvnsk1721/files/styles/sf_thumbnail/public/inline-images/profiletemplate.png?h=2a479378&itok=jXups6pM,University of California - Davis
Bruce,Jaffee,https://caes.ucdavis.edu/sites/g/files/dgvnsk1721/files/styles/sf_thumbnail/public/inline-images/profiletemplate.png?h=2a479378&itok=jXups6pM,University of California - Davis
Subodh,Jain,https://caes.ucdavis.edu/sites/g/files/dgvnsk1721/files/styles/sf_thumbnail/public/inline-images/profiletemplate.png?h=2a479378&itok=jXups6pM,University of California - Davis
Lovell,Jarvis,https://caes.ucdavis.edu/sites/g/files/dgvnsk1721/files/styles/sf_thumbnail/public/inline-images/profiletemplate.png?h=2a479378&itok=jXups6pM,University of California - Davis
Alan,Jassby,https://caes.ucdavis.edu/sites/g/files/dgvnsk1721/files/styles/sf_thumbnail/public/inline-images/profiletemplate.png?h=2a479378&itok=jXups6pM,University of California - Davis
S,Jett,https://caes.ucdavis.edu/sites/g/files/dgvnsk1721/files/styles/sf_thumbnail/public/inline-images/profiletemplate.png?h=2a479378&itok=jXups6pM,University of California - Davis
R,Johnson,https://caes.ucdavis.edu/sites/g/files/dgvnsk1721/files/styles/sf_thumbnail/public/inline-images/profiletemplate.png?h=2a479378&itok=jXups6pM,University of California - Davis
Robert,Johnston,https://caes.ucdavis.edu/sites/g/files/dgvnsk1721/files/styles/sf_thumbnail/public/inline-images/profiletemplate.png?h=2a479378&itok=jXups6pM,University of California - Davis
Warren,Johnston,https://caes.ucdavis.edu/sites/g/files/dgvnsk1721/files/styles/sf_thumbnail/public/inline-images/profiletemplate.png?h=2a479378&itok=jXups6pM,University of California - Davis
Milton,Jones,https://caes.ucdavis.edu/sites/g/files/dgvnsk1721/files/styles/sf_thumbnail/public/inline-images/profiletemplate.png?h=2a479378&itok=jXups6pM,University of California - Davis
Amy,Joy,https://caes.ucdavis.edu/sites/g/files/dgvnsk1721/files/styles/sf_thumbnail/public/inline-images/profiletemplate.png?h=2a479378&itok=jXups6pM,University of California - Davis
Clarence,Kado,https://caes.ucdavis.edu/sites/g/files/dgvnsk1721/files/styles/sf_thumbnail/public/inline-images/profiletemplate.png?h=2a479378&itok=jXups6pM,University of California - Davis
Lucia,Kaiser,https://caes.ucdavis.edu/sites/g/files/dgvnsk1721/files/styles/sf_thumbnail/public/inline-images/profiletemplate.png?h=2a479378&itok=jXups6pM,University of California - Davis
Harry,Kaya,https://caes.ucdavis.edu/sites/g/files/dgvnsk1721/files/styles/sf_thumbnail/public/inline-images/profiletemplate.png?h=2a479378&itok=jXups6pM,University of California - Davis
Gurdev,Khush,https://caes.ucdavis.edu/sites/g/files/dgvnsk1721/files/styles/sf_thumbnail/public/inline-images/profiletemplate.png?h=2a479378&itok=jXups6pM,University of California - Davis
John,Kiger,https://caes.ucdavis.edu/sites/g/files/dgvnsk1721/files/styles/sf_thumbnail/public/inline-images/profiletemplate.png?h=2a479378&itok=jXups6pM,University of California - Davis
Nicelma,King,https://caes.ucdavis.edu/sites/g/files/dgvnsk1721/files/styles/sf_thumbnail/public/inline-images/profiletemplate.png?h=2a479378&itok=jXups6pM,University of California - Davis
Walter,Kliewer,https://caes.ucdavis.edu/sites/g/files/dgvnsk1721/files/styles/sf_thumbnail/public/inline-images/profiletemplate.png?h=2a479378&itok=jXups6pM,University of California - Davis
John,Krochta,https://caes.ucdavis.edu/sites/g/files/dgvnsk1721/files/styles/sf_thumbnail/public/inline-images/profiletemplate.png?h=2a479378&itok=jXups6pM,University of California - Davis
J,Labavitch,https://caes.ucdavis.edu/sites/g/files/dgvnsk1721/files/styles/sf_thumbnail/public/inline-images/profiletemplate.png?h=2a479378&itok=jXups6pM,University of California - Davis
Gyongy,Laky,https://caes.ucdavis.edu/sites/g/files/dgvnsk1721/files/styles/sf_thumbnail/public/inline-images/profiletemplate.png?h=2a479378&itok=jXups6pM,University of California - Davis
Wayne,Lanini,https://caes.ucdavis.edu/sites/g/files/dgvnsk1721/files/styles/sf_thumbnail/public/inline-images/profiletemplate.png?h=2a479378&itok=jXups6pM,University of California - Davis
Eric,Larsen,https://caes.ucdavis.edu/sites/g/files/dgvnsk1721/files/styles/sf_thumbnail/public/inline-images/profiletemplate.png?h=2a479378&itok=jXups6pM,University of California - Davis
Douglas,Larson,https://caes.ucdavis.edu/sites/g/files/dgvnsk1721/files/styles/sf_thumbnail/public/inline-images/profiletemplate.png?h=2a479378&itok=jXups6pM,University of California - Davis
Yu-Bang,Lee,https://caes.ucdavis.edu/sites/g/files/dgvnsk1721/files/styles/sf_thumbnail/public/inline-images/profiletemplate.png?h=2a479378&itok=jXups6pM,University of California - Davis
Edwin,Lewis,https://caes.ucdavis.edu/sites/g/files/dgvnsk1721/files/styles/sf_thumbnail/public/inline-images/profiletemplate.png?h=2a479378&itok=jXups6pM,University of California - Davis
Michael,Lewis,https://caes.ucdavis.edu/sites/g/files/dgvnsk1721/files/styles/sf_thumbnail/public/inline-images/profiletemplate.png?h=2a479378&itok=jXups6pM,University of California - Davis
Samuel,Logan,https://caes.ucdavis.edu/sites/g/files/dgvnsk1721/files/styles/sf_thumbnail/public/inline-images/profiletemplate.png?h=2a479378&itok=jXups6pM,University of California - Davis
Bo,Lonnerdal,https://caes.ucdavis.edu/sites/g/files/dgvnsk1721/files/styles/sf_thumbnail/public/inline-images/profiletemplate.png?h=2a479378&itok=jXups6pM,University of California - Davis
E,Maccannell,https://caes.ucdavis.edu/sites/g/files/dgvnsk1721/files/styles/sf_thumbnail/public/inline-images/profiletemplate.png?h=2a479378&itok=jXups6pM,University of California - Davis
James,MacDonald,https://caes.ucdavis.edu/sites/g/files/dgvnsk1721/files/styles/sf_thumbnail/public/inline-images/profiletemplate.png?h=2a479378&itok=jXups6pM,University of California - Davis
Douglas,Mackay,https://caes.ucdavis.edu/sites/g/files/dgvnsk1721/files/styles/sf_thumbnail/public/inline-images/profiletemplate.png?h=2a479378&itok=jXups6pM,University of California - Davis
Jarue,Manning,https://caes.ucdavis.edu/sites/g/files/dgvnsk1721/files/styles/sf_thumbnail/public/inline-images/profiletemplate.png?h=2a479378&itok=jXups6pM,University of California - Davis
Vern,Marble,https://caes.ucdavis.edu/sites/g/files/dgvnsk1721/files/styles/sf_thumbnail/public/inline-images/profiletemplate.png?h=2a479378&itok=jXups6pM,University of California - Davis
George,Martin,https://caes.ucdavis.edu/sites/g/files/dgvnsk1721/files/styles/sf_thumbnail/public/inline-images/profiletemplate.png?h=2a479378&itok=jXups6pM,University of California - Davis
Philip,Martin,https://caes.ucdavis.edu/sites/g/files/dgvnsk1721/files/styles/sf_thumbnail/public/inline-images/profiletemplate.png?h=2a479378&itok=jXups6pM,University of California - Davis
Heath,Massey,https://caes.ucdavis.edu/sites/g/files/dgvnsk1721/files/styles/sf_thumbnail/public/inline-images/profiletemplate.png?h=2a479378&itok=jXups6pM,University of California - Davis
Mark,Matthews,https://caes.ucdavis.edu/sites/g/files/dgvnsk1721/files/styles/sf_thumbnail/public/inline-images/profiletemplate.png?h=2a479378&itok=jXups6pM,University of California - Davis
Bernard,May,https://caes.ucdavis.edu/sites/g/files/dgvnsk1721/files/styles/sf_thumbnail/public/inline-images/profiletemplate.png?h=2a479378&itok=jXups6pM,University of California - Davis
Alex,McCalla,https://caes.ucdavis.edu/sites/g/files/dgvnsk1721/files/styles/sf_thumbnail/public/inline-images/profiletemplate.png?h=2a479378&itok=jXups6pM,University of California - Davis
